Count,,Secili Rota,,POTC,,Reliability,,Robot Reliability ->,Robot 1,Robot 2,Robot 3,,Robot Time ->,Robot 1,Robot 2,Robot 3,,Robot Distance ->,Robot 1,Robot 2,Robot 3,,Rota Secilme Miktari ->,Rota Numarasi,Secilme Miktari
0,,0,,1,,1,,,0.8,0.92,0.75,,,0,0,0,,,0,0,0,,,606,439
1,,606,,0.9299624296457214,,0.5514266102387735,,,0.7997242615007473,0.919770009804813,0.7496666718619484,,,0.33773148148148147,0.28124999999999994,0.4210648148148148,,,1.459,1.215,1.819
2,,606,,0.9298332888398165,,0.5508538160859133,,,0.7994486180411443,0.9195400771047237,0.7493334918674269,,,0.33773148148148147,0.28124999999999994,0.4210648148148148,,,1.459,1.215,1.819
3,,606,,0.9297041659672682,,0.5502816169227318,,,0.7991730695884337,0.9193102018853588,0.7490004599505954,,,0.33773148148148147,0.28124999999999994,0.4210648148148148,,,1.459,1.215,1.819
4,,606,,0.9295750610255862,,0.5497100121311834,,,0.7988976161098691,0.9190803841323492,0.7486675760456419,,,0.33773148148148147,0.28124999999999994,0.4210648148148148,,,1.459,1.215,1.819
5,,606,,0.9294459740122802,,0.5491390010938649,,,0.7986222575727154,0.9188506238313283,0.7483348400867847,,,0.33773148148148147,0.28124999999999994,0.4210648148148148,,,1.459,1.215,1.819
6,,606,,0.9293169049248606,,0.5485685831940144,,,0.798346993944249,0.9186209209679341,0.7480022520082711,,,0.33773148148148147,0.28124999999999994,0.4210648148148148,,,1.459,1.215,1.819
7,,606,,0.9291878537608382,,0.5479987578155109,,,0.7980718251917576,0.9183912755278076,0.7476698117443774,,,0.33773148148148147,0.28124999999999994,0.4210648148148148,,,1.459,1.215,1.819
8,,606,,0.929058820517724,,0.5474295243428725,,,0.7977967512825396,0.9181616874965939,0.7473375192294092,,,0.33773148148148147,0.28124999999999994,0.4210648148148148,,,1.459,1.215,1.819
9,,606,,0.9289298051930295,,0.5468608821612578,,,0.7975217721839053,0.9179321568599411,0.7470053743977014,,,0.33773148148148147,0.28124999999999994,0.4210648148148148,,,1.459,1.215,1.819
10,,606,,0.9288008077842661,,0.5462928306564631,,,0.7972468878631759,0.9177026836035012,0.7466733771836179,,,0.33773148148148147,0.28124999999999994,0.4210648148148148,,,1.459,1.215,1.819
11,,606,,0.928671828288946,,0.5457253692149231,,,0.796972098287684,0.9174732677129297,0.7463415275215521,,,0.33773148148148147,0.28124999999999994,0.4210648148148148,,,1.459,1.215,1.819
12,,606,,0.9285428667045817,,0.5451584972237105,,,0.7966974034247736,0.9172439091738861,0.7460098253459265,,,0.33773148148148147,0.28124999999999994,0.4210648148148148,,,1.459,1.215,1.819
13,,606,,0.9284139230286863,,0.5445922140705335,,,0.7964228032417997,0.9170146079720329,0.7456782705911924,,,0.33773148148148147,0.28124999999999994,0.4210648148148148,,,1.459,1.215,1.819
14,,606,,0.9282849972587726,,0.5440265191437368,,,0.7961482977061289,0.9167853640930363,0.7453468631918301,,,0.33773148148148147,0.28124999999999994,0.4210648148148148,,,1.459,1.215,1.819
15,,606,,0.9281560893923537,,0.5434614118323007,,,0.7958738867851387,0.9165561775225666,0.7450156030823496,,,0.33773148148148147,0.28124999999999994,0.4210648148148148,,,1.459,1.215,1.819
16,,606,,0.9280271994269439,,0.5428968915258398,,,0.7955995704462178,0.9163270482462967,0.7446844901972898,,,0.33773148148148147,0.28124999999999994,0.4210648148148148,,,1.459,1.215,1.819
17,,606,,0.9278983273600571,,0.5423329576146031,,,0.7953253486567664,0.916097976249904,0.7443535244712187,,,0.33773148148148147,0.28124999999999994,0.4210648148148148,,,1.459,1.215,1.819
18,,606,,0.9277694731892079,,0.5417696094894725,,,0.7950512213841959,0.915868961519069,0.744022705838733,,,0.33773148148148147,0.28124999999999994,0.4210648148148148,,,1.459,1.215,1.819
19,,606,,0.927640636911911,,0.5412068465419635,,,0.7947771885959288,0.9156400040394763,0.7436920342344591,,,0.33773148148148147,0.28124999999999994,0.4210648148148148,,,1.459,1.215,1.819
20,,606,,0.9275118185256819,,0.5406446681642227,,,0.7945032502593989,0.9154111037968132,0.7433615095930522,,,0.33773148148148147,0.28124999999999994,0.4210648148148148,,,1.459,1.215,1.819
21,,606,,0.9273830180280357,,0.5400830737490289,,,0.7942294063420513,0.9151822607767715,0.7430311318491966,,,0.33773148148148147,0.28124999999999994,0.4210648148148148,,,1.459,1.215,1.819
22,,606,,0.9272542354164887,,0.5395220626897905,,,0.7939556568113422,0.9149534749650455,0.7427009009376051,,,0.33773148148148147,0.28124999999999994,0.4210648148148148,,,1.459,1.215,1.819
23,,606,,0.9271254706885567,,0.5389616343805476,,,0.7936820016347389,0.9147247463473345,0.7423708167930202,,,0.33773148148148147,0.28124999999999994,0.4210648148148148,,,1.459,1.215,1.819
24,,606,,0.9269967238417564,,0.5384017882159682,,,0.7934084407797204,0.91449607490934,0.7420408793502129,,,0.33773148148148147,0.28124999999999994,0.4210648148148148,,,1.459,1.215,1.819
25,,606,,0.926867994873605,,0.5378425235913503,,,0.7931349742137765,0.9142674606367682,0.7417110885439836,,,0.33773148148148147,0.28124999999999994,0.4210648148148148,,,1.459,1.215,1.819
26,,606,,0.9267392837816194,,0.5372838399026193,,,0.7928616019044082,0.9140389035153281,0.7413814443091615,,,0.33773148148148147,0.28124999999999994,0.4210648148148148,,,1.459,1.215,1.819
27,,606,,0.9266105905633173,,0.536725736546328,,,0.7925883238191277,0.9138104035307324,0.7410519465806047,,,0.33773148148148147,0.28124999999999994,0.4210648148148148,,,1.459,1.215,1.819
28,,606,,0.9264819152162166,,0.5361682129196569,,,0.7923151399254585,0.9135819606686978,0.7407225952932004,,,0.33773148148148147,0.28124999999999994,0.4210648148148148,,,1.459,1.215,1.819
29,,606,,0.926353257737836,,0.5356112684204121,,,0.7920420501909355,0.9133535749149442,0.7403933903818648,,,0.33773148148148147,0.28124999999999994,0.4210648148148148,,,1.459,1.215,1.819
30,,606,,0.9262246181256933,,0.5350549024470245,,,0.7917690545831043,0.9131252462551949,0.7400643317815425,,,0.33773148148148147,0.28124999999999994,0.4210648148148148,,,1.459,1.215,1.819
31,,606,,0.9260959963773082,,0.5344991143985511,,,0.7914961530695223,0.9128969746751769,0.7397354194272077,,,0.33773148148148147,0.28124999999999994,0.4210648148148148,,,1.459,1.215,1.819
32,,606,,0.9259673924901998,,0.5339439036746729,,,0.7912233456177574,0.9126687601606214,0.739406653253863,,,0.33773148148148147,0.28124999999999994,0.4210648148148148,,,1.459,1.215,1.819
33,,606,,0.9258388064618875,,0.5333892696756939,,,0.7909506321953894,0.9124406026972622,0.7390780331965402,,,0.33773148148148147,0.28124999999999994,0.4210648148148148,,,1.459,1.215,1.819
34,,606,,0.9257102382898919,,0.5328352118025413,,,0.7906780127700085,0.9122125022708375,0.7387495591902997,,,0.33773148148148147,0.28124999999999994,0.4210648148148148,,,1.459,1.215,1.819
35,,606,,0.9255816879717328,,0.532281729456765,,,0.7904054873092168,0.9119844588670882,0.7384212311702314,,,0.33773148148148147,0.28124999999999994,0.4210648148148148,,,1.459,1.215,1.819
36,,606,,0.9254531555049309,,0.5317288220405358,,,0.7901330557806268,0.9117564724717596,0.7380930490714531,,,0.33773148148148147,0.28124999999999994,0.4210648148148148,,,1.459,1.215,1.819
37,,606,,0.9253246408870075,,0.531176488956646,,,0.7898607181518629,0.9115285430706002,0.737765012829112,,,0.33773148148148147,0.28124999999999994,0.4210648148148148,,,1.459,1.215,1.819
38,,606,,0.9251961441154839,,0.5306247296085081,,,0.7895884743905602,0.9113006706493617,0.737437122378384,,,0.33773148148148147,0.28124999999999994,0.4210648148148148,,,1.459,1.215,1.819
39,,606,,0.925067665187882,,0.5300735434001546,,,0.7893163244643654,0.9110728551938,0.7371093776544742,,,0.33773148148148147,0.28124999999999994,0.4210648148148148,,,1.459,1.215,1.819
40,,606,,0.9249392041017236,,0.5295229297362365,,,0.7890442683409359,0.9108450966896744,0.7367817785926155,,,0.33773148148148147,0.28124999999999994,0.4210648148148148,,,1.459,1.215,1.819
41,,606,,0.9248107608545313,,0.5289728880220239,,,0.7887723059879405,0.9106173951227474,0.7364543251280709,,,0.33773148148148147,0.28124999999999994,0.4210648148148148,,,1.459,1.215,1.819
42,,606,,0.9246823354438278,,0.5284234176634038,,,0.7885004373730587,0.9103897504787857,0.7361270171961308,,,0.33773148148148147,0.28124999999999994,0.4210648148148148,,,1.459,1.215,1.819
43,,606,,0.9245539278671363,,0.5278745180668811,,,0.7882286624639819,0.9101621627435588,0.7357998547321155,,,0.33773148148148147,0.28124999999999994,0.4210648148148148,,,1.459,1.215,1.819
44,,606,,0.9244255381219799,,0.5273261886395768,,,0.787956981228412,0.9099346319028401,0.7354728376713735,,,0.33773148148148147,0.28124999999999994,0.4210648148148148,,,1.459,1.215,1.819
45,,606,,0.9242971662058828,,0.5267784287892279,,,0.7876853936340623,0.9097071579424068,0.735145965949282,,,0.33773148148148147,0.28124999999999994,0.4210648148148148,,,1.459,1.215,1.819
46,,606,,0.924168812116369,,0.5262312379241866,,,0.7874138996486572,0.9094797408480393,0.7348192395012473,,,0.33773148148148147,0.28124999999999994,0.4210648148148148,,,1.459,1.215,1.819
47,,606,,0.924040475850963,,0.5256846154534197,,,0.787142499239932,0.9092523806055218,0.7344926582627042,,,0.33773148148148147,0.28124999999999994,0.4210648148148148,,,1.459,1.215,1.819
48,,606,,0.9239121574071893,,0.5251385607865079,,,0.7868711923756336,0.9090250772006417,0.7341662221691158,,,0.33773148148148147,0.28124999999999994,0.4210648148148148,,,1.459,1.215,1.819
49,,606,,0.9237838567825736,,0.5245930733336452,,,0.7865999790235199,0.9087978306191905,0.7338399311559746,,,0.33773148148148147,0.28124999999999994,0.4210648148148148,,,1.459,1.215,1.819
50,,606,,0.9236555739746412,,0.5240481525056382,,,0.7863288591513594,0.9085706408469628,0.7335137851588012,,,0.33773148148148147,0.28124999999999994,0.4210648148148148,,,1.459,1.215,1.819
51,,606,,0.923527308980918,,0.5235037977139058,,,0.7860578327269325,0.9083435078697568,0.7331877841131451,,,0.33773148148148147,0.28124999999999994,0.4210648148148148,,,1.459,1.215,1.819
52,,606,,0.9233990617989298,,0.5229600083704774,,,0.7857868997180297,0.9081164316733744,0.7328619279545843,,,0.33773148148148147,0.28124999999999994,0.4210648148148148,,,1.459,1.215,1.819
53,,606,,0.9232708324262038,,0.5224167838879944,,,0.7855160600924538,0.9078894122436212,0.7325362166187255,,,0.33773148148148147,0.28124999999999994,0.4210648148148148,,,1.459,1.215,1.819
54,,606,,0.9231426208602663,,0.5218741236797076,,,0.7852453138180178,0.9076624495663058,0.7322106500412043,,,0.33773148148148147,0.28124999999999994,0.4210648148148148,,,1.459,1.215,1.819
55,,606,,0.9230144270986449,,0.5213320271594776,,,0.7849746608625459,0.9074355436272412,0.7318852281576844,,,0.33773148148148147,0.28124999999999994,0.4210648148148148,,,1.459,1.215,1.819
56,,606,,0.922886251138867,,0.5207904937417733,,,0.7847041011938735,0.9072086944122429,0.731559950903859,,,0.33773148148148147,0.28124999999999994,0.4210648148148148,,,1.459,1.215,1.819
57,,606,,0.9227580929784606,,0.5202495228416726,,,0.7844336347798475,0.9069819019071308,0.7312348182154486,,,0.33773148148148147,0.28124999999999994,0.4210648148148148,,,1.459,1.215,1.819
58,,606,,0.9226299526149541,,0.5197091138748605,,,0.7841632615883254,0.906755166097728,0.7309098300282031,,,0.33773148148148147,0.28124999999999994,0.4210648148148148,,,1.459,1.215,1.819
59,,606,,0.9225018300458758,,0.5191692662576285,,,0.7838929815871757,0.906528486969861,0.7305849862779007,,,0.33773148148148147,0.28124999999999994,0.4210648148148148,,,1.459,1.215,1.819
60,,606,,0.9223737252687546,,0.5186299794068755,,,0.7836227947442784,0.9063018645093602,0.730260286900348,,,0.33773148148148147,0.28124999999999994,0.4210648148148148,,,1.459,1.215,1.819
61,,606,,0.9222456382811202,,0.5180912527401056,,,0.7833527010275245,0.9060752987020594,0.7299357318313808,,,0.33773148148148147,0.28124999999999994,0.4210648148148148,,,1.459,1.215,1.819
62,,606,,0.922117569080502,,0.5175530856754277,,,0.7830827004048156,0.9058487895337959,0.7296113210068625,,,0.33773148148148147,0.28124999999999994,0.4210648148148148,,,1.459,1.215,1.819
63,,606,,0.9219895176644299,,0.5170154776315552,,,0.7828127928440649,0.9056223369904103,0.7292870543626857,,,0.33773148148148147,0.28124999999999994,0.4210648148148148,,,1.459,1.215,1.819
64,,606,,0.9218614840304344,,0.5164784280278057,,,0.7825429783131964,0.9053959410577471,0.728962931834771,,,0.33773148148148147,0.28124999999999994,0.4210648148148148,,,1.459,1.215,1.819
65,,606,,0.921733468176046,,0.5159419362841,,,0.7822732567801449,0.9051696017216544,0.7286389533590684,,,0.33773148148148147,0.28124999999999994,0.4210648148148148,,,1.459,1.215,1.819
66,,606,,0.9216054700987957,,0.5154060018209612,,,0.7820036282128572,0.9049433189679835,0.7283151188715551,,,0.33773148148148147,0.28124999999999994,0.4210648148148148,,,1.459,1.215,1.819
67,,606,,0.9214774897962151,,0.514870624059514,,,0.78173409257929,0.9047170927825895,0.7279914283082375,,,0.33773148148148147,0.28124999999999994,0.4210648148148148,,,1.459,1.215,1.819
68,,606,,0.9213495272658355,,0.5143358024214849,,,0.7814646498474117,0.9044909231513307,0.7276678816051502,,,0.33773148148148147,0.28124999999999994,0.4210648148148148,,,1.459,1.215,1.819
69,,606,,0.9212215825051894,,0.5138015363292009,,,0.7811952999852014,0.9042648100600694,0.7273444786983564,,,0.33773148148148147,0.28124999999999994,0.4210648148148148,,,1.459,1.215,1.819
70,,606,,0.9210936555118087,,0.5132678252055893,,,0.7809260429606498,0.9040387534946712,0.7270212195239476,,,0.33773148148148147,0.28124999999999994,0.4210648148148148,,,1.459,1.215,1.819
71,,606,,0.9209657462832265,,0.5127346684741764,,,0.780656878741758,0.9038127534410051,0.7266981040180436,,,0.33773148148148147,0.28124999999999994,0.4210648148148148,,,1.459,1.215,1.819
72,,606,,0.9208378548169756,,0.5122020655590876,,,0.7803878072965383,0.9035868098849438,0.7263751321167932,,,0.33773148148148147,0.28124999999999994,0.4210648148148148,,,1.459,1.215,1.819
73,,606,,0.9207099811105894,,0.5116700158850465,,,0.7801188285930142,0.9033609228123636,0.7260523037563725,,,0.33773148148148147,0.28124999999999994,0.4210648148148148,,,1.459,1.215,1.819
74,,606,,0.920582125161602,,0.5111385188773743,,,0.7798499425992204,0.9031350922091441,0.725729618872987,,,0.33773148148148147,0.28124999999999994,0.4210648148148148,,,1.459,1.215,1.819
75,,606,,0.9204542869675469,,0.5106075739619889,,,0.779581149283202,0.9029093180611688,0.72540707740287,,,0.33773148148148147,0.28124999999999994,0.4210648148148148,,,1.459,1.215,1.819
76,,606,,0.9203264665259592,,0.5100771805654046,,,0.7793124486130156,0.9026836003543243,0.725084679282283,,,0.33773148148148147,0.28124999999999994,0.4210648148148148,,,1.459,1.215,1.819
77,,606,,0.9201986638343732,,0.5095473381147316,,,0.7790438405567286,0.9024579390745009,0.7247624244475166,,,0.33773148148148147,0.28124999999999994,0.4210648148148148,,,1.459,1.215,1.819
78,,606,,0.9200708788903241,,0.5090180460376749,,,0.7787753250824192,0.9022323342075925,0.7244403128348889,,,0.33773148148148147,0.28124999999999994,0.4210648148148148,,,1.459,1.215,1.819
79,,606,,0.9199431116913473,,0.5084893037625344,,,0.7785069021581774,0.9020067857394964,0.7241183443807465,,,0.33773148148148147,0.28124999999999994,0.4210648148148148,,,1.459,1.215,1.819
80,,606,,0.919815362234979,,0.5079611107182036,,,0.7782385717521035,0.9017812936561137,0.7237965190214646,,,0.33773148148148147,0.28124999999999994,0.4210648148148148,,,1.459,1.215,1.819
81,,606,,0.9196876305187548,,0.5074334663341689,,,0.7779703338323091,0.9015558579433485,0.7234748366934464,,,0.33773148148148147,0.28124999999999994,0.4210648148148148,,,1.459,1.215,1.819
82,,606,,0.9195599165402116,,0.50690637004051,,,0.7777021883669164,0.901330478587109,0.7231532973331233,,,0.33773148148148147,0.28124999999999994,0.4210648148148148,,,1.459,1.215,1.819
83,,606,,0.9194322202968862,,0.5063798212678979,,,0.7774341353240587,0.9011051555733067,0.7228319008769554,,,0.33773148148148147,0.28124999999999994,0.4210648148148148,,,1.459,1.215,1.819
84,,606,,0.9193045417863153,,0.5058538194475958,,,0.7771661746718808,0.9008798888878564,0.7225106472614307,,,0.33773148148148147,0.28124999999999994,0.4210648148148148,,,1.459,1.215,1.819
85,,606,,0.919176881006037,,0.505328364011457,,,0.7768983063785381,0.9006546785166767,0.7221895364230653,,,0.33773148148148147,0.28124999999999994,0.4210648148148148,,,1.459,1.215,1.819
86,,606,,0.9190492379535888,,0.5048034543919252,,,0.7766305304121969,0.9004295244456896,0.7218685682984036,,,0.33773148148148147,0.28124999999999994,0.4210648148148148,,,1.459,1.215,1.819
87,,606,,0.918921612626509,,0.5042790900220335,,,0.7763628467410344,0.9002044266608207,0.7215477428240186,,,0.33773148148148147,0.28124999999999994,0.4210648148148148,,,1.459,1.215,1.819
88,,606,,0.9187940050223362,,0.5037552703354045,,,0.7760952553332392,0.8999793851479991,0.7212270599365109,,,0.33773148148148147,0.28124999999999994,0.4210648148148148,,,1.459,1.215,1.819
89,,606,,0.9186664151386091,,0.503231994766248,,,0.7758277561570103,0.8997543998931573,0.7209065195725096,,,0.33773148148148147,0.28124999999999994,0.4210648148148148,,,1.459,1.215,1.819
90,,606,,0.918538842972867,,0.5027092627493628,,,0.7755603491805584,0.8995294708822316,0.7205861216686716,,,0.33773148148148147,0.28124999999999994,0.4210648148148148,,,1.459,1.215,1.819
91,,606,,0.9184112885226496,,0.502187073720134,,,0.7752930343721045,0.8993045981011613,0.7202658661616828,,,0.33773148148148147,0.28124999999999994,0.4210648148148148,,,1.459,1.215,1.819
92,,606,,0.9182837517854967,,0.5016654271145334,,,0.7750258116998806,0.8990797815358896,0.7199457529882564,,,0.33773148148148147,0.28124999999999994,0.4210648148148148,,,1.459,1.215,1.819
93,,606,,0.9181562327589488,,0.5011443223691189,,,0.7747586811321301,0.8988550211723634,0.7196257820851341,,,0.33773148148148147,0.28124999999999994,0.4210648148148148,,,1.459,1.215,1.819
94,,606,,0.9180287314405459,,0.5006237589210332,,,0.7744916426371069,0.8986303169965327,0.7193059533890857,,,0.33773148148148147,0.28124999999999994,0.4210648148148148,,,1.459,1.215,1.819
95,,606,,0.9179012478278291,,0.500103736208004,,,0.774224696183076,0.8984056689943513,0.7189862668369088,,,0.33773148148148147,0.28124999999999994,0.4210648148148148,,,1.459,1.215,1.819
96,,606,,0.9177737819183401,,0.4995842536683431,,,0.7739578417383135,0.8981810771517763,0.7186667223654296,,,0.33773148148148147,0.28124999999999994,0.4210648148148148,,,1.459,1.215,1.819
97,,606,,0.9176463337096202,,0.49906531074094546,,,0.7736910792711058,0.8979565414547683,0.718347319911502,,,0.33773148148148147,0.28124999999999994,0.4210648148148148,,,1.459,1.215,1.819
98,,606,,0.9175189031992114,,0.4985469068652893,,,0.7734244087497515,0.8977320618892916,0.7180280594120081,,,0.33773148148148147,0.28124999999999994,0.4210648148148148,,,1.459,1.215,1.819
99,,606,,0.9173914903846561,,0.4980290414814349,,,0.7731578301425588,0.897507638441314,0.717708940803858,,,0.33773148148148147,0.28124999999999994,0.4210648148148148,,,1.459,1.215,1.819
100,,606,,0.9172640952634967,,0.4975117140300237,,,0.7728913434178474,0.8972832710968064,0.7173899640239898,,,0.33773148148148147,0.28124999999999994,0.4210648148148148,,,1.459,1.215,1.819
101,,606,,0.9171367178332762,,0.4969949239522788,,,0.7726249485439478,0.8970589598417438,0.7170711290093698,,,0.33773148148148147,0.28124999999999994,0.4210648148148148,,,1.459,1.215,1.819
102,,606,,0.917009358091538,,0.4964786706900037,,,0.7723586454892016,0.8968347046621045,0.7167524356969921,,,0.33773148148148147,0.28124999999999994,0.4210648148148148,,,1.459,1.215,1.819
103,,606,,0.9168820160358262,,0.4959629536855814,,,0.7720924342219613,0.8966105055438701,0.7164338840238789,,,0.33773148148148147,0.28124999999999994,0.4210648148148148,,,1.459,1.215,1.819
104,,606,,0.916754691663684,,0.49544777238197457,,,0.7718263147105903,0.8963863624730258,0.7161154739270806,,,0.33773148148148147,0.28124999999999994,0.4210648148148148,,,1.459,1.215,1.819
105,,606,,0.9166273849726562,,0.49493312622272406,,,0.7715602869234627,0.8961622754355605,0.7157972053436753,,,0.33773148148148147,0.28124999999999994,0.4210648148148148,,,1.459,1.215,1.819
106,,606,,0.9165000959602874,,0.49441901465194876,,,0.7712943508289635,0.8959382444174662,0.715479078210769,,,0.33773148148148147,0.28124999999999994,0.4210648148148148,,,1.459,1.215,1.819
107,,606,,0.9163728246241226,,0.49390543711434504,,,0.7710285063954886,0.8957142694047389,0.7151610924654959,,,0.33773148148148147,0.28124999999999994,0.4210648148148148,,,1.459,1.215,1.819
108,,606,,0.916245570961707,,0.49339239305518656,,,0.7707627535914452,0.8954903503833779,0.714843248045018,,,0.33773148148148147,0.28124999999999994,0.4210648148148148,,,1.459,1.215,1.819
109,,606,,0.9161183349705868,,0.49287988192032256,,,0.7704970923852511,0.8952664873393857,0.7145255448865252,,,0.33773148148148147,0.28124999999999994,0.4210648148148148,,,1.459,1.215,1.819
110,,606,,0.9159911166483078,,0.4923679031561783,,,0.7702315227453347,0.8950426802587688,0.7142079829272356,,,0.33773148148148147,0.28124999999999994,0.4210648148148148,,,1.459,1.215,1.819
111,,606,,0.915863915992416,,0.49185645620975355,,,0.7699660446401357,0.8948189291275368,0.7138905621043946,,,0.33773148148148147,0.28124999999999994,0.4210648148148148,,,1.459,1.215,1.819
112,,606,,0.9157367330004587,,0.49134554052862334,,,0.7697006580381048,0.8945952339317031,0.7135732823552761,,,0.33773148148148147,0.28124999999999994,0.4210648148148148,,,1.459,1.215,1.819
113,,606,,0.9156095676699827,,0.49083515556093615,,,0.7694353629077032,0.8943715946572846,0.7132561436171816,,,0.33773148148148147,0.28124999999999994,0.4210648148148148,,,1.459,1.215,1.819
114,,606,,0.9154824199985353,,0.4903253007554132,,,0.769170159217403,0.894148011290301,0.7129391458274406,,,0.33773148148148147,0.28124999999999994,0.4210648148148148,,,1.459,1.215,1.819
115,,606,,0.9153552899836644,,0.4898159755613487,,,0.7689050469356871,0.8939244838167762,0.7126222889234101,,,0.33773148148148147,0.28124999999999994,0.4210648148148148,,,1.459,1.215,1.819
116,,606,,0.9152281776229182,,0.4893071794286094,,,0.7686400260310496,0.8937010122227378,0.7123055728424754,,,0.33773148148148147,0.28124999999999994,0.4210648148148148,,,1.459,1.215,1.819
117,,606,,0.9151010829138448,,0.4887989118076331,,,0.7683750964719952,0.8934775964942163,0.7119889975220497,,,0.33773148148148147,0.28124999999999994,0.4210648148148148,,,1.459,1.215,1.819
118,,606,,0.9149740058539934,,0.48829117214942785,,,0.7681102582270396,0.8932542366172458,0.7116725628995733,,,0.33773148148148147,0.28124999999999994,0.4210648148148148,,,1.459,1.215,1.819
119,,606,,0.9148469464409127,,0.48778395990557344,,,0.7678455112647095,0.8930309325778643,0.711356268912515,,,0.33773148148148147,0.28124999999999994,0.4210648148148148,,,1.459,1.215,1.819
120,,606,,0.9147199046721525,,0.48727727452821773,,,0.7675808555535417,0.8928076843621126,0.7110401154983712,,,0.33773148148148147,0.28124999999999994,0.4210648148148148,,,1.459,1.215,1.819
121,,606,,0.9145928805452623,,0.4867711154700784,,,0.7673162910620847,0.8925844919560356,0.7107241025946658,,,0.33773148148148147,0.28124999999999994,0.4210648148148148,,,1.459,1.215,1.819
122,,606,,0.9144658740577922,,0.4862654821844419,,,0.7670518177588976,0.8923613553456814,0.7104082301389507,,,0.33773148148148147,0.28124999999999994,0.4210648148148148,,,1.459,1.215,1.819
123,,606,,0.914338885207293,,0.4857603741251621,,,0.76678743561255,0.8921382745171019,0.7100924980688057,,,0.33773148148148147,0.28124999999999994,0.4210648148148148,,,1.459,1.215,1.819
124,,606,,0.9142119139913154,,0.4852557907466604,,,0.7665231445916227,0.8919152494563521,0.7097769063218382,,,0.33773148148148147,0.28124999999999994,0.4210648148148148,,,1.459,1.215,1.819
125,,606,,0.9140849604074105,,0.4847517315039249,,,0.7662589446647072,0.8916922801494905,0.7094614548356833,,,0.33773148148148147,0.28124999999999994,0.4210648148148148,,,1.459,1.215,1.819
126,,606,,0.9139580244531297,,0.4842481958525096,,,0.7659948358004061,0.8914693665825791,0.7091461435480038,,,0.33773148148148147,0.28124999999999994,0.4210648148148148,,,1.459,1.215,1.819
127,,606,,0.9138311061260248,,0.4837451832485346,,,0.7657308179673323,0.891246508741684,0.7088309723964901,,,0.33773148148148147,0.28124999999999994,0.4210648148148148,,,1.459,1.215,1.819
128,,606,,0.9137042054236483,,0.48324269314868423,,,0.7654668911341098,0.8910237066128739,0.7085159413188605,,,0.33773148148148147,0.28124999999999994,0.4210648148148148,,,1.459,1.215,1.819
129,,606,,0.9135773223435522,,0.4827407250102077,,,0.7652030552693733,0.8908009601822215,0.7082010502528611,,,0.33773148148148147,0.28124999999999994,0.4210648148148148,,,1.459,1.215,1.819
130,,606,,0.9134504568832899,,0.4822392782909178,,,0.7649393103417687,0.890578269435803,0.707886299136265,,,0.33773148148148147,0.28124999999999994,0.4210648148148148,,,1.459,1.215,1.819
131,,606,,0.9133236090404143,,0.4817383524491909,,,0.7646756563199522,0.8903556343596978,0.707571687906874,,,0.33773148148148147,0.28124999999999994,0.4210648148148148,,,1.459,1.215,1.819
132,,606,,0.9131967788124788,,0.48123794694396527,,,0.7644120931725911,0.8901330549399888,0.7072572165025167,,,0.33773148148148147,0.28124999999999994,0.4210648148148148,,,1.459,1.215,1.819
133,,606,,0.9130699661970376,,0.4807380612347419,,,0.7641486208683633,0.8899105311627629,0.7069428848610496,,,0.33773148148148147,0.28124999999999994,0.4210648148148148,,,1.459,1.215,1.819
134,,606,,0.9129431711916447,,0.4802386947815825,,,0.7638852393759576,0.8896880630141095,0.7066286929203569,,,0.33773148148148147,0.28124999999999994,0.4210648148148148,,,1.459,1.215,1.819
135,,606,,0.9128163937938549,,0.47973984704511047,,,0.7636219486640741,0.8894656504801224,0.7063146406183503,,,0.33773148148148147,0.28124999999999994,0.4210648148148148,,,1.459,1.215,1.819
136,,606,,0.9126896340012228,,0.47924151748650884,,,0.7633587487014225,0.8892432935468985,0.7060007278929691,,,0.33773148148148147,0.28124999999999994,0.4210648148148148,,,1.459,1.215,1.819
137,,606,,0.9125628918113037,,0.4787437055675205,,,0.7630956394567243,0.889020992200538,0.7056869546821801,,,0.33773148148148147,0.28124999999999994,0.4210648148148148,,,1.459,1.215,1.819
138,,606,,0.9124361672216532,,0.47824641075044794,,,0.7628326208987114,0.8887987464271451,0.7053733209239782,,,0.33773148148148147,0.28124999999999994,0.4210648148148148,,,1.459,1.215,1.819
139,,606,,0.9123094602298272,,0.4777496324981514,,,0.7625696929961268,0.8885765562128268,0.7050598265563851,,,0.33773148148148147,0.28124999999999994,0.4210648148148148,,,1.459,1.215,1.819
140,,606,,0.9121827708333817,,0.4772533702740496,,,0.7623068557177236,0.8883544215436943,0.7047464715174505,,,0.33773148148148147,0.28124999999999994,0.4210648148148148,,,1.459,1.215,1.819
141,,606,,0.9120560990298741,,0.4767576235421186,,,0.7620441090322664,0.8881323424058617,0.7044332557452515,,,0.33773148148148147,0.28124999999999994,0.4210648148148148,,,1.459,1.215,1.819
142,,606,,0.9119294448168604,,0.47626239176689067,,,0.7617814529085302,0.8879103187854467,0.7041201791778925,,,0.33773148148148147,0.28124999999999994,0.4210648148148148,,,1.459,1.215,1.819
143,,606,,0.9118028081918982,,0.47576767441345497,,,0.7615188873153005,0.8876883506685707,0.7038072417535057,,,0.33773148148148147,0.28124999999999994,0.4210648148148148,,,1.459,1.215,1.819
144,,606,,0.9116761891525452,,0.47527347094745637,,,0.7612564122213741,0.8874664380413583,0.7034944434102512,,,0.33773148148148147,0.28124999999999994,0.4210648148148148,,,1.459,1.215,1.819
145,,606,,0.9115495876963594,,0.47477978083509437,,,0.7609940275955585,0.8872445808899377,0.7031817840863158,,,0.33773148148148147,0.28124999999999994,0.4210648148148148,,,1.459,1.215,1.819
146,,606,,0.9114230038208989,,0.4742866035431231,,,0.7607317334066713,0.8870227792004406,0.7028692637199144,,,0.33773148148148147,0.28124999999999994,0.4210648148148148,,,1.459,1.215,1.819
147,,606,,0.9112964375237226,,0.47379393853885055,,,0.760469529623542,0.8868010329590019,0.7025568822492887,,,0.33773148148148147,0.28124999999999994,0.4210648148148148,,,1.459,1.215,1.819
148,,606,,0.911169888802389,,0.47330178529013794,,,0.7602074162150095,0.8865793421517605,0.702244639612708,,,0.33773148148148147,0.28124999999999994,0.4210648148148148,,,1.459,1.215,1.819
149,,606,,0.9110433576544578,,0.4728101432653994,,,0.7599453931499245,0.886357706764858,0.7019325357484696,,,0.33773148148148147,0.28124999999999994,0.4210648148148148,,,1.459,1.215,1.819
150,,606,,0.9109168440774884,,0.47231901193360154,,,0.7596834603971478,0.8861361267844404,0.7016205705948977,,,0.33773148148148147,0.28124999999999994,0.4210648148148148,,,1.459,1.215,1.819
151,,606,,0.9107903480690408,,0.47182839076426214,,,0.7594216179255514,0.8859146021966563,0.7013087440903444,,,0.33773148148148147,0.28124999999999994,0.4210648148148148,,,1.459,1.215,1.819
152,,606,,0.9106638696266754,,0.47133827922745003,,,0.7591598657040176,0.8856931329876584,0.7009970561731883,,,0.33773148148148147,0.28124999999999994,0.4210648148148148,,,1.459,1.215,1.819
153,,606,,0.910537408747953,,0.4708486767937848,,,0.7588982037014397,0.8854717191436025,0.7006855067818364,,,0.33773148148148147,0.28124999999999994,0.4210648148148148,,,1.459,1.215,1.819
154,,606,,0.9104109654304344,,0.4703595829344357,,,0.7586366318867218,0.8852503606506477,0.7003740958547224,,,0.33773148148148147,0.28124999999999994,0.4210648148148148,,,1.459,1.215,1.819
155,,606,,0.910284539671681,,0.4698709971211218,,,0.7583751502287784,0.8850290574949572,0.7000628233303082,,,0.33773148148148147,0.28124999999999994,0.4210648148148148,,,1.459,1.215,1.819
156,,606,,0.9101581314692544,,0.46938291882610983,,,0.7581137586965349,0.884807809662697,0.6997516891470819,,,0.33773148148148147,0.28124999999999994,0.4210648148148148,,,1.459,1.215,1.819
157,,606,,0.9100317408207166,,0.46889534752221584,,,0.7578524572589275,0.884586617140037,0.6994406932435595,,,0.33773148148148147,0.28124999999999994,0.4210648148148148,,,1.459,1.215,1.819
158,,606,,0.9099053677236301,,0.4684082826828027,,,0.7575912458849028,0.8843654799131501,0.6991298355582845,,,0.33773148148148147,0.28124999999999994,0.4210648148148148,,,1.459,1.215,1.819
159,,606,,0.9097790121755575,,0.4679217237817809,,,0.7573301245434185,0.8841443979682132,0.6988191160298272,,,0.33773148148148147,0.28124999999999994,0.4210648148148148,,,1.459,1.215,1.819
160,,606,,0.9096526741740618,,0.4674356702936071,,,0.7570690932034427,0.8839233712914065,0.6985085345967859,,,0.33773148148148147,0.28124999999999994,0.4210648148148148,,,1.459,1.215,1.819
161,,606,,0.9095263537167063,,0.4669501216932838,,,0.7568081518339543,0.8837023998689135,0.6981980911977854,,,0.33773148148148147,0.28124999999999994,0.4210648148148148,,,1.459,1.215,1.819
162,,606,,0.9094000508010548,,0.4664650774563591,,,0.7565473004039431,0.8834814836869211,0.6978877857714785,,,0.33773148148148147,0.28124999999999994,0.4210648148148148,,,1.459,1.215,1.819
163,,606,,0.9092737654246714,,0.46598053705892584,,,0.7562865388824092,0.8832606227316199,0.697577618256545,,,0.33773148148148147,0.28124999999999994,0.4210648148148148,,,1.459,1.215,1.819
164,,606,,0.9091474975851205,,0.4654964999776208,,,0.7560258672383635,0.8830398169892035,0.6972675885916919,,,0.33773148148148147,0.28124999999999994,0.4210648148148148,,,1.459,1.215,1.819
165,,606,,0.9090212472799667,,0.4650129656896245,,,0.7557652854408278,0.8828190664458696,0.6969576967156533,,,0.33773148148148147,0.28124999999999994,0.4210648148148148,,,1.459,1.215,1.819
166,,606,,0.908895014506775,,0.4645299336726608,,,0.7555047934588341,0.8825983710878189,0.6966479425671909,,,0.33773148148148147,0.28124999999999994,0.4210648148148148,,,1.459,1.215,1.819
167,,606,,0.9087687992631109,,0.46404740340499556,,,0.7552443912614257,0.8823777309012557,0.6963383260850928,,,0.33773148148148147,0.28124999999999994,0.4210648148148148,,,1.459,1.215,1.819
168,,606,,0.9086426015465401,,0.4635653743654371,,,0.7549840788176562,0.8821571458723876,0.6960288472081757,,,0.33773148148148147,0.28124999999999994,0.4210648148148148,,,1.459,1.215,1.819
169,,606,,0.9085164213546288,,0.4630838460333353,,,0.75472385609659,0.8819366159874259,0.6957195058752824,,,0.33773148148148147,0.28124999999999994,0.4210648148148148,,,1.459,1.215,1.819
170,,606,,0.9083902586849432,,0.4626028178885799,,,0.7544637230673019,0.8817161412325851,0.695410302025283,,,0.33773148148148147,0.28124999999999994,0.4210648148148148,,,1.459,1.215,1.819
171,,606,,0.9082641135350502,,0.46212228941160177,,,0.7542036796988776,0.8814957215940834,0.695101235597075,,,0.33773148148148147,0.28124999999999994,0.4210648148148148,,,1.459,1.215,1.819
172,,606,,0.9081379859025166,,0.4616422600833713,,,0.7539437259604136,0.8812753570581421,0.6947923065295831,,,0.33773148148148147,0.28124999999999994,0.4210648148148148,,,1.459,1.215,1.819
173,,606,,0.9080118757849104,,0.4611627293853979,,,0.7536838618210168,0.8810550476109864,0.694483514761759,,,0.33773148148148147,0.28124999999999994,0.4210648148148148,,,1.459,1.215,1.819
174,,606,,0.9078857831797987,,0.46068369679972954,,,0.7534240872498046,0.8808347932388445,0.6941748602325817,,,0.33773148148148147,0.28124999999999994,0.4210648148148148,,,1.459,1.215,1.819
175,,606,,0.9077597080847499,,0.46020516180895243,,,0.7531644022159054,0.8806145939279483,0.6938663428810572,,,0.33773148148148147,0.28124999999999994,0.4210648148148148,,,1.459,1.215,1.819
176,,606,,0.9076336504973327,,0.4597271238961901,,,0.7529048066884584,0.8803944496645331,0.6935579626462182,,,0.33773148148148147,0.28124999999999994,0.4210648148148148,,,1.459,1.215,1.819
177,,606,,0.9075076104151156,,0.4592495825451027,,,0.7526453006366125,0.8801743604348377,0.6932497194671253,,,0.33773148148148147,0.28124999999999994,0.4210648148148148,,,1.459,1.215,1.819
178,,606,,0.9073815878356676,,0.45877253723988715,,,0.7523858840295283,0.8799543262251039,0.6929416132828656,,,0.33773148148148147,0.28124999999999994,0.4210648148148148,,,1.459,1.215,1.819
179,,606,,0.9072555827565582,,0.4582959874652759,,,0.7521265568363766,0.8797343470215777,0.6926336440325533,,,0.33773148148148147,0.28124999999999994,0.4210648148148148,,,1.459,1.215,1.819
180,,606,,0.9071295951753573,,0.4578199327065371,,,0.7518673190263386,0.879514422810508,0.6923258116553304,,,0.33773148148148147,0.28124999999999994,0.4210648148148148,,,1.459,1.215,1.819
181,,606,,0.9070036250896351,,0.4573443724494729,,,0.7516081705686064,0.8792945535781471,0.6920181160903649,,,0.33773148148148147,0.28124999999999994,0.4210648148148148,,,1.459,1.215,1.819
182,,606,,0.9068776724969618,,0.45686930618042015,,,0.7513491114323829,0.8790747393107513,0.6917105572768524,,,0.33773148148148147,0.28124999999999994,0.4210648148148148,,,1.459,1.215,1.819
183,,606,,0.9067517373949084,,0.4563947333862488,,,0.751090141586881,0.8788549799945796,0.6914031351540154,,,0.33773148148148147,0.28124999999999994,0.4210648148148148,,,1.459,1.215,1.819
184,,606,,0.9066258197810461,,0.45592065355436223,,,0.7508312610013251,0.8786352756158948,0.6910958496611035,,,0.33773148148148147,0.28124999999999994,0.4210648148148148,,,1.459,1.215,1.819
185,,606,,0.9064999196529461,,0.45544706617269565,,,0.7505724696449492,0.8784156261609631,0.6907887007373931,,,0.33773148148148147,0.28124999999999994,0.4210648148148148,,,1.459,1.215,1.819
186,,606,,0.9063740370081804,,0.4549739707297172,,,0.7503137674869986,0.8781960316160544,0.6904816883221878,,,0.33773148148148147,0.28124999999999994,0.4210648148148148,,,1.459,1.215,1.819
187,,606,,0.9062481718443212,,0.4545013667144256,,,0.7500551544967292,0.8779764919674417,0.6901748123548183,,,0.33773148148148147,0.28124999999999994,0.4210648148148148,,,1.459,1.215,1.819
188,,606,,0.9061223241589407,,0.4540292536163501,,,0.7497966306434068,0.8777570072014013,0.6898680727746416,,,0.33773148148148147,0.28124999999999994,0.4210648148148148,,,1.459,1.215,1.819
189,,606,,0.905996493949612,,0.4535576309255513,,,0.7495381958963087,0.8775375773042132,0.6895614695210428,,,0.33773148148148147,0.28124999999999994,0.4210648148148148,,,1.459,1.215,1.819
190,,606,,0.9058706812139082,,0.45308649813261853,,,0.749279850224722,0.8773182022621611,0.6892550025334329,,,0.33773148148148147,0.28124999999999994,0.4210648148148148,,,1.459,1.215,1.819
191,,606,,0.9057448859494027,,0.4526158547286707,,,0.7490215935979453,0.8770988820615314,0.6889486717512501,,,0.33773148148148147,0.28124999999999994,0.4210648148148148,,,1.459,1.215,1.819
192,,606,,0.9056191081536694,,0.452145700205355,,,0.7487634259852868,0.8768796166886145,0.6886424771139594,,,0.33773148148148147,0.28124999999999994,0.4210648148148148,,,1.459,1.215,1.819
193,,606,,0.9054933478242827,,0.45167603405484713,,,0.748505347356066,0.876660406129704,0.6883364185610532,,,0.33773148148148147,0.28124999999999994,0.4210648148148148,,,1.459,1.215,1.819
194,,606,,0.9053676049588165,,0.45120685576984976,,,0.7482473576796125,0.876441250371097,0.6880304960320505,,,0.33773148148148147,0.28124999999999994,0.4210648148148148,,,1.459,1.215,1.819
195,,606,,0.9052418795548463,,0.4507381648435931,,,0.7479894569252669,0.8762221493990939,0.687724709466497,,,0.33773148148148147,0.28124999999999994,0.4210648148148148,,,1.459,1.215,1.819
196,,606,,0.9051161716099468,,0.45026996076983344,,,0.74773164506238,0.876003103199999,0.6874190588039656,,,0.33773148148148147,0.28124999999999994,0.4210648148148148,,,1.459,1.215,1.819
197,,606,,0.904990481121694,,0.4498022430428528,,,0.7474739220603133,0.8757841117601193,0.6871135439840559,,,0.33773148148148147,0.28124999999999994,0.4210648148148148,,,1.459,1.215,1.819
198,,606,,0.9048648080876632,,0.44933501115745894,,,0.7472162878884389,0.8755651750657658,0.6868081649463943,,,0.33773148148148147,0.28124999999999994,0.4210648148148148,,,1.459,1.215,1.819
199,,606,,0.904739152505431,,0.44886826460898377,,,0.7469587425161394,0.8753462931032525,0.686502921630634,,,0.33773148148148147,0.28124999999999994,0.4210648148148148,,,1.459,1.215,1.819
200,,606,,0.9046135143725738,,0.4484020028932838,,,0.7467012859128077,0.8751274658588971,0.6861978139764551,,,0.33773148148148147,0.28124999999999994,0.4210648148148148,,,1.459,1.215,1.819
201,,606,,0.9044878936866683,,0.4479362255067394,,,0.7464439180478478,0.8749086933190207,0.6858928419235647,,,0.33773148148148147,0.28124999999999994,0.4210648148148148,,,1.459,1.215,1.819
202,,606,,0.9043622904452921,,0.44747093194625387,,,0.7461866388906742,0.8746899754699478,0.6855880054116963,,,0.33773148148148147,0.28124999999999994,0.4210648148148148,,,1.459,1.215,1.819
203,,606,,0.9042367046460222,,0.4470061217092529,,,0.7459294484107113,0.8744713122980061,0.6852833043806104,,,0.33773148148148147,0.28124999999999994,0.4210648148148148,,,1.459,1.215,1.819
204,,606,,0.904111136286437,,0.44654179429368474,,,0.7456723465773946,0.874252703789527,0.6849787387700944,,,0.33773148148148147,0.28124999999999994,0.4210648148148148,,,1.459,1.215,1.819
205,,606,,0.9039855853641143,,0.4460779491980186,,,0.7454153333601701,0.8740341499308453,0.6846743085199622,,,0.33773148148148147,0.28124999999999994,0.4210648148148148,,,1.459,1.215,1.819
206,,606,,0.9038600518766328,,0.4456145859212449,,,0.745158408728494,0.8738156507082989,0.6843700135700548,,,0.33773148148148147,0.28124999999999994,0.4210648148148148,,,1.459,1.215,1.819
207,,606,,0.9037345358215716,,0.4451517039628747,,,0.7449015726518334,0.8735972061082296,0.6840658538602394,,,0.33773148148148147,0.28124999999999994,0.4210648148148148,,,1.459,1.215,1.819
208,,606,,0.9036090371965094,,0.4446893028229384,,,0.7446448250996659,0.8733788161169821,0.6837618293304103,,,0.33773148148148147,0.28124999999999994,0.4210648148148148,,,1.459,1.215,1.819
209,,606,,0.9034835559990262,,0.444227382001986,,,0.7443881660414791,0.873160480720905,0.6834579399204883,,,0.33773148148148147,0.28124999999999994,0.4210648148148148,,,1.459,1.215,1.819
210,,606,,0.9033580922267018,,0.4437659410010868,,,0.7441315954467718,0.8729421999063501,0.6831541855704213,,,0.33773148148148147,0.28124999999999994,0.4210648148148148,,,1.459,1.215,1.819
211,,606,,0.9032326458771165,,0.4433049793218276,,,0.7438751132850528,0.8727239736596727,0.6828505662201835,,,0.33773148148148147,0.28124999999999994,0.4210648148148148,,,1.459,1.215,1.819
212,,606,,0.9031072169478505,,0.44284449646631346,,,0.7436187195258418,0.8725058019672312,0.6825470818097762,,,0.33773148148148147,0.28124999999999994,0.4210648148148148,,,1.459,1.215,1.819
213,,606,,0.902981805436485,,0.4423844919371662,,,0.7433624141386688,0.8722876848153875,0.6822437322792266,,,0.33773148148148147,0.28124999999999994,0.4210648148148148,,,1.459,1.215,1.819
214,,606,,0.902856411340601,,0.44192496523752456,,,0.7431061970930743,0.8720696221905072,0.6819405175685893,,,0.33773148148148147,0.28124999999999994,0.4210648148148148,,,1.459,1.215,1.819
215,,606,,0.9027310346577805,,0.44146591587104334,,,0.7428500683586093,0.8718516140789592,0.6816374376179452,,,0.33773148148148147,0.28124999999999994,0.4210648148148148,,,1.459,1.215,1.819
216,,606,,0.902605675385605,,0.44100734334189295,,,0.7425940279048354,0.8716336604671155,0.6813344923674018,,,0.33773148148148147,0.28124999999999994,0.4210648148148148,,,1.459,1.215,1.819
217,,606,,0.9024803335216571,,0.4405492471547589,,,0.7423380757013246,0.871415761341352,0.6810316817570937,,,0.33773148148148147,0.28124999999999994,0.4210648148148148,,,1.459,1.215,1.819
218,,606,,0.902355009063519,,0.4400916268148412,,,0.7420822117176593,0.8711979166880478,0.6807290057271816,,,0.33773148148148147,0.28124999999999994,0.4210648148148148,,,1.459,1.215,1.819
219,,606,,0.9022297020087736,,0.4396344818278534,,,0.7418264359234324,0.8709801264935852,0.6804264642178526,,,0.33773148148148147,0.28124999999999994,0.4210648148148148,,,1.459,1.215,1.819
220,,606,,0.9021044123550045,,0.4391778117000232,,,0.7415707482882478,0.8707623907443501,0.680124057169321,,,0.33773148148148147,0.28124999999999994,0.4210648148148148,,,1.459,1.215,1.819
221,,606,,0.9019791400997952,,0.4387216159380908,,,0.7413151487817191,0.8705447094267319,0.6798217845218274,,,0.33773148148148147,0.28124999999999994,0.4210648148148148,,,1.459,1.215,1.819
222,,606,,0.9018538852407294,,0.4382658940493088,,,0.741059637373471,0.8703270825271232,0.6795196462156387,,,0.33773148148148147,0.28124999999999994,0.4210648148148148,,,1.459,1.215,1.819
223,,606,,0.9017286477753914,,0.43781064554144156,,,0.740804214033138,0.87010951003192,0.6792176421910486,,,0.33773148148148147,0.28124999999999994,0.4210648148148148,,,1.459,1.215,1.819
224,,606,,0.9016034277013661,,0.4373558699227651,,,0.7405488787303659,0.869891991927522,0.6789157723883776,,,0.33773148148148147,0.28124999999999994,0.4210648148148148,,,1.459,1.215,1.819
225,,606,,0.9014782250162381,,0.4369015667020657,,,0.7402936314348102,0.8696745282003316,0.6786140367479724,,,0.33773148148148147,0.28124999999999994,0.4210648148148148,,,1.459,1.215,1.819
226,,606,,0.9013530397175928,,0.4364477353886405,,,0.7400384721161373,0.8694571188367557,0.6783124352102061,,,0.33773148148148147,0.28124999999999994,0.4210648148148148,,,1.459,1.215,1.819
227,,606,,0.9012278718030157,,0.43599437549229564,,,0.7397834007440239,0.8692397638232036,0.6780109677154783,,,0.33773148148148147,0.28124999999999994,0.4210648148148148,,,1.459,1.215,1.819
228,,606,,0.9011027212700928,,0.435541486523347,,,0.7395284172881571,0.8690224631460883,0.6777096342042156,,,0.33773148148148147,0.28124999999999994,0.4210648148148148,,,1.459,1.215,1.819
229,,606,,0.9009775881164103,,0.43508906799261887,,,0.7392735217182347,0.8688052167918265,0.6774084346168704,,,0.33773148148148147,0.28124999999999994,0.4210648148148148,,,1.459,1.215,1.819
230,,606,,0.900852472339555,,0.4346371194114438,,,0.7390187140039647,0.868588024746838,0.6771073688939219,,,0.33773148148148147,0.28124999999999994,0.4210648148148148,,,1.459,1.215,1.819
231,,606,,0.9007273739371136,,0.43418564029166207,,,0.7387639941150655,0.8683708869975463,0.676806436975876,,,0.33773148148148147,0.28124999999999994,0.4210648148148148,,,1.459,1.215,1.819
232,,606,,0.9006022929066735,,0.4337346301456206,,,0.7385093620212664,0.8681538035303774,0.6765056388032646,,,0.33773148148148147,0.28124999999999994,0.4210648148148148,,,1.459,1.215,1.819
233,,606,,0.9004772292458222,,0.4332840884861733,,,0.7382548176923064,0.8679367743317619,0.6762049743166464,,,0.33773148148148147,0.28124999999999994,0.4210648148148148,,,1.459,1.215,1.819
234,,606,,0.9003521829521478,,0.43283401482667994,,,0.7380003610979354,0.8677197993881332,0.6759044434566063,,,0.33773148148148147,0.28124999999999994,0.4210648148148148,,,1.459,1.215,1.819
235,,606,,0.9002271540232384,,0.4323844086810056,,,0.7377459922079137,0.8675028786859278,0.6756040461637555,,,0.33773148148148147,0.28124999999999994,0.4210648148148148,,,1.459,1.215,1.819
236,,606,,0.900102142456683,,0.4319352695635207,,,0.7374917109920123,0.8672860122115862,0.6753037823787317,,,0.33773148148148147,0.28124999999999994,0.4210648148148148,,,1.459,1.215,1.819
237,,606,,0.89997714825007,,0.43148659698909986,,,0.7372375174200119,0.867069199951552,0.6750036520421991,,,0.33773148148148147,0.28124999999999994,0.4210648148148148,,,1.459,1.215,1.819
238,,606,,0.8998521714009892,,0.43103839047312165,,,0.7369834114617041,0.8668524418922722,0.6747036550948482,,,0.33773148148148147,0.28124999999999994,0.4210648148148148,,,1.459,1.215,1.819
239,,606,,0.8997272119070295,,0.4305906495314678,,,0.7367293930868907,0.8666357380201971,0.6744037914773956,,,0.33773148148148147,0.28124999999999994,0.4210648148148148,,,1.459,1.215,1.819
240,,606,,0.8996022697657815,,0.43014337368052347,,,0.7364754622653841,0.8664190883217805,0.6741040611305847,,,0.33773148148148147,0.28124999999999994,0.4210648148148148,,,1.459,1.215,1.819
241,,606,,0.8994773449748353,,0.42969656243717586,,,0.736221618967007,0.8662024927834795,0.6738044639951853,,,0.33773148148148147,0.28124999999999994,0.4210648148148148,,,1.459,1.215,1.819
242,,606,,0.8993524375317817,,0.42925021531881424,,,0.7359678631615928,0.8659859513917549,0.6735050000119929,,,0.33773148148148147,0.28124999999999994,0.4210648148148148,,,1.459,1.215,1.819
243,,606,,0.8992275474342114,,0.42880433184332845,,,0.7357141948189846,0.8657694641330703,0.6732056691218296,,,0.33773148148148147,0.28124999999999994,0.4210648148148148,,,1.459,1.215,1.819
244,,606,,0.8991026746797158,,0.42835891152910993,,,0.7354606139090365,0.8655530309938932,0.672906471265544,,,0.33773148148148147,0.28124999999999994,0.4210648148148148,,,1.459,1.215,1.819
245,,606,,0.8989778192658864,,0.4279139538950501,,,0.7352071204016128,0.8653366519606944,0.6726074063840108,,,0.33773148148148147,0.28124999999999994,0.4210648148148148,,,1.459,1.215,1.819
246,,606,,0.8988529811903152,,0.42746945846054035,,,0.7349537142665883,0.8651203270199479,0.6723084744181314,,,0.33773148148148147,0.28124999999999994,0.4210648148148148,,,1.459,1.215,1.819
247,,606,,0.8987281604505946,,0.4270254247454709,,,0.7347003954738479,0.864904056158131,0.6720096753088326,,,0.33773148148148147,0.28124999999999994,0.4210648148148148,,,1.459,1.215,1.819
248,,606,,0.8986033570443169,,0.4265818522702308,,,0.7344471639932872,0.8646878393617248,0.6717110089970681,,,0.33773148148148147,0.28124999999999994,0.4210648148148148,,,1.459,1.215,1.819
249,,606,,0.8984785709690758,,0.4261387405557076,,,0.734194019794812,0.8644716766172132,0.671412475423818,,,0.33773148148148147,0.28124999999999994,0.4210648148148148,,,1.459,1.215,1.819
250,,606,,0.8983538022224639,,0.4256960891232862,,,0.7339409628483387,0.8642555679110842,0.6711140745300879,,,0.33773148148148147,0.28124999999999994,0.4210648148148148,,,1.459,1.215,1.819
251,,606,,0.8982290508020749,,0.42525389749484876,,,0.7336879931237935,0.8640395132298283,0.6708158062569103,,,0.33773148148148147,0.28124999999999994,0.4210648148148148,,,1.459,1.215,1.819
252,,606,,0.8981043167055032,,0.4248121651927741,,,0.7334351105911138,0.8638235125599403,0.6705176705453435,,,0.33773148148148147,0.28124999999999994,0.4210648148148148,,,1.459,1.215,1.819
253,,606,,0.8979795999303427,,0.42437089173993714,,,0.7331823152202466,0.8636075658879178,0.6702196673364721,,,0.33773148148148147,0.28124999999999994,0.4210648148148148,,,1.459,1.215,1.819
254,,606,,0.897854900474188,,0.4239300766597082,,,0.7329296069811495,0.8633916732002619,0.6699217965714068,,,0.33773148148148147,0.28124999999999994,0.4210648148148148,,,1.459,1.215,1.819
255,,606,,0.8977302183346344,,0.4234897194759532,,,0.7326769858437906,0.8631758344834769,0.6696240581912849,,,0.33773148148148147,0.28124999999999994,0.4210648148148148,,,1.459,1.215,1.819
256,,606,,0.897605553509277,,0.4230498197130325,,,0.7324244517781485,0.862960049724071,0.6693264521372696,,,0.33773148148148147,0.28124999999999994,0.4210648148148148,,,1.459,1.215,1.819
257,,606,,0.8974809059957116,,0.42261037689580044,,,0.7321720047542118,0.8627443189085553,0.6690289783505502,,,0.33773148148148147,0.28124999999999994,0.4210648148148148,,,1.459,1.215,1.819
258,,606,,0.8973562757915338,,0.42217139054960445,,,0.7319196447419792,0.8625286420234443,0.668731636772342,,,0.33773148148148147,0.28124999999999994,0.4210648148148148,,,1.459,1.215,1.819
259,,606,,0.8972316628943401,,0.42173286020028566,,,0.7316673717114607,0.8623130190552558,0.6684344273438866,,,0.33773148148148147,0.28124999999999994,0.4210648148148148,,,1.459,1.215,1.819
260,,606,,0.8971070673017272,,0.4212947853741775,,,0.7314151856326756,0.8620974499905115,0.6681373500064517,,,0.33773148148148147,0.28124999999999994,0.4210648148148148,,,1.459,1.215,1.819
261,,606,,0.8969824890112922,,0.42085716559810565,,,0.7311630864756542,0.861881934815736,0.6678404047013312,,,0.33773148148148147,0.28124999999999994,0.4210648148148148,,,1.459,1.215,1.819
262,,606,,0.896857928020632,,0.4204200003993868,,,0.7309110742104369,0.8616664735174574,0.6675435913698449,,,0.33773148148148147,0.28124999999999994,0.4210648148148148,,,1.459,1.215,1.819
263,,606,,0.8967333843273447,,0.419983289305829,,,0.7306591488070742,0.861451066082207,0.6672469099533388,,,0.33773148148148147,0.28124999999999994,0.4210648148148148,,,1.459,1.215,1.819
264,,606,,0.8966088579290278,,0.4195470318457309,,,0.7304073102356273,0.8612357124965198,0.666950360393185,,,0.33773148148148147,0.28124999999999994,0.4210648148148148,,,1.459,1.215,1.819
265,,606,,0.8964843488232801,,0.4191112275478806,,,0.7301555584661676,0.8610204127469337,0.6666539426307816,,,0.33773148148148147,0.28124999999999994,0.4210648148148148,,,1.459,1.215,1.819
266,,606,,0.8963598570076998,,0.4186758759415563,,,0.7299038934687768,0.8608051668199908,0.6663576566075525,,,0.33773148148148147,0.28124999999999994,0.4210648148148148,,,1.459,1.215,1.819
267,,606,,0.8962353824798861,,0.41824097655652454,,,0.7296523152135468,0.8605899747022355,0.6660615022649479,,,0.33773148148148147,0.28124999999999994,0.4210648148148148,,,1.459,1.215,1.819
268,,606,,0.8961109252374384,,0.41780652892304115,,,0.7294008236705802,0.8603748363802163,0.6657654795444441,,,0.33773148148148147,0.28124999999999994,0.4210648148148148,,,1.459,1.215,1.819
269,,606,,0.8959864852779561,,0.4173725325718488,,,0.7291494188099892,0.8601597518404847,0.6654695883875433,,,0.33773148148148147,0.28124999999999994,0.4210648148148148,,,1.459,1.215,1.819
270,,606,,0.8958620625990392,,0.41693898703417875,,,0.7288981006018971,0.8599447210695957,0.6651738287357738,,,0.33773148148148147,0.28124999999999994,0.4210648148148148,,,1.459,1.215,1.819
271,,606,,0.895737657198288,,0.4165058918417484,,,0.7286468690164368,0.859729744054108,0.6648782005306896,,,0.33773148148148147,0.28124999999999994,0.4210648148148148,,,1.459,1.215,1.819
272,,606,,0.8956132690733035,,0.41607324652676186,,,0.7283957240237521,0.8595148207805828,0.664582703713871,,,0.33773148148148147,0.28124999999999994,0.4210648148148148,,,1.459,1.215,1.819
273,,606,,0.8954888982216862,,0.41564105062190887,,,0.7281446655939962,0.8592999512355856,0.664287338226924,,,0.33773148148148147,0.28124999999999994,0.4210648148148148,,,1.459,1.215,1.819
274,,606,,0.8953645446410379,,0.4152093036603655,,,0.727893693697334,0.8590851354056848,0.6639921040114809,,,0.33773148148148147,0.28124999999999994,0.4210648148148148,,,1.459,1.215,1.819
275,,606,,0.8952402083289597,,0.4147780051757915,,,0.7276428083039392,0.8588703732774519,0.6636970010091996,,,0.33773148148148147,0.28124999999999994,0.4210648148148148,,,1.459,1.215,1.819
276,,606,,0.8951158892830537,,0.41434715470233174,,,0.727392009383997,0.8586556648374624,0.6634020291617637,,,0.33773148148148147,0.28124999999999994,0.4210648148148148,,,1.459,1.215,1.819
277,,606,,0.8949915875009224,,0.4139167517746149,,,0.7271412969077017,0.8584410100722946,0.6631071884108838,,,0.33773148148148147,0.28124999999999994,0.4210648148148148,,,1.459,1.215,1.819
278,,606,,0.8948673029801684,,0.41348679592775317,,,0.726890670845259,0.8582264089685304,0.6628124786982951,,,0.33773148148148147,0.28124999999999994,0.4210648148148148,,,1.459,1.215,1.819
279,,606,,0.8947430357183945,,0.41305728669734143,,,0.7266401311668844,0.8580118615127551,0.6625178999657594,,,0.33773148148148147,0.28124999999999994,0.4210648148148148,,,1.459,1.215,1.819
280,,606,,0.8946187857132041,,0.41262822361945684,,,0.7263896778428032,0.8577973676915572,0.6622234521550642,,,0.33773148148148147,0.28124999999999994,0.4210648148148148,,,1.459,1.215,1.819
281,,606,,0.894494552962201,,0.41219960623065877,,,0.7261393108432517,0.8575829274915288,0.6619291352080229,,,0.33773148148148147,0.28124999999999994,0.4210648148148148,,,1.459,1.215,1.819
282,,606,,0.8943703374629889,,0.4117714340679879,,,0.7258890301384759,0.857368540899265,0.6616349490664748,,,0.33773148148148147,0.28124999999999994,0.4210648148148148,,,1.459,1.215,1.819
283,,606,,0.8942461392131721,,0.41134370666896575,,,0.7256388356987327,0.8571542079013643,0.6613408936722852,,,0.33773148148148147,0.28124999999999994,0.4210648148148148,,,1.459,1.215,1.819
284,,606,,0.8941219582103556,,0.41091642357159447,,,0.7253887274942886,0.8569399284844289,0.6610469689673452,,,0.33773148148148147,0.28124999999999994,0.4210648148148148,,,1.459,1.215,1.819
285,,606,,0.8939977944521439,,0.41048958431435556,,,0.7251387054954208,0.8567257026350641,0.660753174893571,,,0.33773148148148147,0.28124999999999994,0.4210648148148148,,,1.459,1.215,1.819
286,,606,,0.8938736479361428,,0.4100631884362107,,,0.7248887696724163,0.8565115303398786,0.6604595113929058,,,0.33773148148148147,0.28124999999999994,0.4210648148148148,,,1.459,1.215,1.819
287,,606,,0.8937495186599574,,0.40963723547659975,,,0.724638919995573,0.8562974115854843,0.6601659784073177,,,0.33773148148148147,0.28124999999999994,0.4210648148148148,,,1.459,1.215,1.819
288,,606,,0.893625406621194,,0.4092117249754414,,,0.7243891564351982,0.8560833463584967,0.6598725758788011,,,0.33773148148148147,0.28124999999999994,0.4210648148148148,,,1.459,1.215,1.819
289,,606,,0.893501311817459,,0.4087866564731319,,,0.72413947896161,0.8558693346455344,0.6595793037493758,,,0.33773148148148147,0.28124999999999994,0.4210648148148148,,,1.459,1.215,1.819
290,,606,,0.8933772342463585,,0.40836202951054545,,,0.7238898875451366,0.8556553764332196,0.6592861619610877,,,0.33773148148148147,0.28124999999999994,0.4210648148148148,,,1.459,1.215,1.819
291,,606,,0.8932531739055,,0.4079378436290327,,,0.7236403821561165,0.8554414717081776,0.6589931504560083,,,0.33773148148148147,0.28124999999999994,0.4210648148148148,,,1.459,1.215,1.819
292,,606,,0.8931291307924906,,0.40751409837042096,,,0.7233909627648983,0.8552276204570373,0.6587002691762347,,,0.33773148148148147,0.28124999999999994,0.4210648148148148,,,1.459,1.215,1.819
293,,606,,0.8930051049049378,,0.40709079327701303,,,0.7231416293418408,0.8550138226664304,0.6584075180638899,,,0.33773148148148147,0.28124999999999994,0.4210648148148148,,,1.459,1.215,1.819
294,,606,,0.8928810962404498,,0.406667927891588,,,0.7228923818573133,0.8548000783229929,0.6581148970611227,,,0.33773148148148147,0.28124999999999994,0.4210648148148148,,,1.459,1.215,1.819
295,,606,,0.8927571047966346,,0.4062455017573991,,,0.7226432202816948,0.8545863874133632,0.6578224061101076,,,0.33773148148148147,0.28124999999999994,0.4210648148148148,,,1.459,1.215,1.819
296,,606,,0.892633130571101,,0.40582351441817444,,,0.7223941445853751,0.8543727499241834,0.6575300451530446,,,0.33773148148148147,0.28124999999999994,0.4210648148148148,,,1.459,1.215,1.819
297,,606,,0.8925091735614582,,0.4054019654181157,,,0.7221451547387537,0.8541591658420992,0.6572378141321594,,,0.33773148148148147,0.28124999999999994,0.4210648148148148,,,1.459,1.215,1.819
298,,606,,0.8923852337653151,,0.4049808543018987,,,0.7218962507122407,0.8539456351537594,0.6569457129897038,,,0.33773148148148147,0.28124999999999994,0.4210648148148148,,,1.459,1.215,1.819
299,,606,,0.8922613111802812,,0.40456018061467125,,,0.721647432476256,0.8537321578458159,0.6566537416679548,,,0.33773148148148147,0.28124999999999994,0.4210648148148148,,,1.459,1.215,1.819
300,,606,,0.8921374058039669,,0.4041399439020546,,,0.7213987000012301,0.8535187339049244,0.656361900109215,,,0.33773148148148147,0.28124999999999994,0.4210648148148148,,,1.459,1.215,1.819
301,,606,,0.8920135176339823,,0.4037201437101415,,,0.7211500532576034,0.8533053633177434,0.6560701882558134,,,0.33773148148148147,0.28124999999999994,0.4210648148148148,,,1.459,1.215,1.819
302,,606,,0.8918896466679381,,0.40330077958549604,,,0.7209014922158266,0.8530920460709354,0.6557786060501035,,,0.33773148148148147,0.28124999999999994,0.4210648148148148,,,1.459,1.215,1.819
303,,606,,0.8917657929034449,,0.4028818510751536,,,0.7206530168463606,0.8528787821511655,0.6554871534344653,,,0.33773148148148147,0.28124999999999994,0.4210648148148148,,,1.459,1.215,1.819
304,,606,,0.8916419563381144,,0.4024633577266203,,,0.7204046271196765,0.8526655715451027,0.6551958303513041,,,0.33773148148148147,0.28124999999999994,0.4210648148148148,,,1.459,1.215,1.819
305,,606,,0.8915181369695582,,0.4020452990878716,,,0.7201563230062555,0.8524524142394192,0.6549046367430508,,,0.33773148148148147,0.28124999999999994,0.4210648148148148,,,1.459,1.215,1.819
306,,606,,0.8913943347953877,,0.4016276747073531,,,0.7199081044765892,0.8522393102207904,0.6546135725521615,,,0.33773148148148147,0.28124999999999994,0.4210648148148148,,,1.459,1.215,1.819
307,,606,,0.8912705498132157,,0.40121048413397903,,,0.7196599715011787,0.852026259475895,0.6543226377211185,,,0.33773148148148147,0.28124999999999994,0.4210648148148148,,,1.459,1.215,1.819
308,,606,,0.8911467820206543,,0.4007937269171326,,,0.7194119240505359,0.8518132619914154,0.6540318321924298,,,0.33773148148148147,0.28124999999999994,0.4210648148148148,,,1.459,1.215,1.819
309,,606,,0.8910230314153172,,0.40037740260666493,,,0.7191639620951829,0.8516003177540369,0.6537411559086282,,,0.33773148148148147,0.28124999999999994,0.4210648148148148,,,1.459,1.215,1.819
310,,606,,0.890899297994817,,0.3999615107528947,,,0.7189160856056516,0.8513874267504483,0.6534506088122727,,,0.33773148148148147,0.28124999999999994,0.4210648148148148,,,1.459,1.215,1.819
311,,606,,0.890775581756768,,0.3995460509066077,,,0.7186682945524846,0.8511745889673418,0.6531601908459472,,,0.33773148148148147,0.28124999999999994,0.4210648148148148,,,1.459,1.215,1.819
312,,606,,0.8906518826987831,,0.39913102261905636,,,0.7184205889062338,0.8509618043914128,0.6528699019522617,,,0.33773148148148147,0.28124999999999994,0.4210648148148148,,,1.459,1.215,1.819
313,,606,,0.8905282008184774,,0.39871642544195895,,,0.7181729686374619,0.8507490730093599,0.6525797420738515,,,0.33773148148148147,0.28124999999999994,0.4210648148148148,,,1.459,1.215,1.819
314,,606,,0.8904045361134653,,0.3983022589275002,,,0.7179254337167419,0.8505363948078855,0.6522897111533772,,,0.33773148148148147,0.28124999999999994,0.4210648148148148,,,1.459,1.215,1.819
315,,606,,0.8902808885813615,,0.397888522628329,,,0.7176779841146561,0.8503237697736946,0.6519998091335253,,,0.33773148148148147,0.28124999999999994,0.4210648148148148,,,1.459,1.215,1.819
316,,606,,0.8901572582197814,,0.39747521609755954,,,0.7174306198017977,0.8501111978934964,0.6517100359570072,,,0.33773148148148147,0.28124999999999994,0.4210648148148148,,,1.459,1.215,1.819
317,,606,,0.8900336450263405,,0.39706233888877035,,,0.7171833407487699,0.8498986791540029,0.6514203915665604,,,0.33773148148148147,0.28124999999999994,0.4210648148148148,,,1.459,1.215,1.819
318,,606,,0.8899100489986551,,0.3966498905560033,,,0.7169361469261858,0.8496862135419293,0.6511308759049477,,,0.33773148148148147,0.28124999999999994,0.4210648148148148,,,1.459,1.215,1.819
319,,606,,0.8897864701343411,,0.3962378706537633,,,0.7166890383046688,0.8494738010439944,0.6508414889149566,,,0.33773148148148147,0.28124999999999994,0.4210648148148148,,,1.459,1.215,1.819
320,,606,,0.889662908431015,,0.3958262787370186,,,0.7164420148548523,0.8492614416469202,0.650552230539401,,,0.33773148148148147,0.28124999999999994,0.4210648148148148,,,1.459,1.215,1.819
321,,606,,0.889539363886294,,0.3954151143611993,,,0.71619507654738,0.849049135337432,0.6502631007211197,,,0.33773148148148147,0.28124999999999994,0.4210648148148148,,,1.459,1.215,1.819
322,,606,,0.889415836497795,,0.39500437708219766,,,0.7159482233529058,0.8488368821022585,0.649974099402977,,,0.33773148148148147,0.28124999999999994,0.4210648148148148,,,1.459,1.215,1.819
323,,606,,0.8892923262631358,,0.3945940664563669,,,0.715701455242093,0.8486246819281318,0.6496852265278629,,,0.33773148148148147,0.28124999999999994,0.4210648148148148,,,1.459,1.215,1.819
324,,606,,0.8891688331799344,,0.3941841820405213,,,0.7154547721856163,0.8484125348017871,0.649396482038692,,,0.33773148148148147,0.28124999999999994,0.4210648148148148,,,1.459,1.215,1.819
325,,606,,0.8890453572458088,,0.39377472339193526,,,0.7152081741541589,0.848200440709963,0.6491078658784052,,,0.33773148148148147,0.28124999999999994,0.4210648148148148,,,1.459,1.215,1.819
326,,606,,0.8889218984583777,,0.3933656900683432,,,0.7149616611184156,0.8479883996394016,0.6488193779899679,,,0.33773148148148147,0.28124999999999994,0.4210648148148148,,,1.459,1.215,1.819
327,,606,,0.8887984568152599,,0.39295708162793935,,,0.7147152330490906,0.847776411576848,0.6485310183163718,,,0.33773148148148147,0.28124999999999994,0.4210648148148148,,,1.459,1.215,1.819
328,,606,,0.8886750323140747,,0.3925488976293761,,,0.7144688899168977,0.8475644765090509,0.6482427868006331,,,0.33773148148148147,0.28124999999999994,0.4210648148148148,,,1.459,1.215,1.819
329,,606,,0.8885516249524417,,0.3921411376317646,,,0.7142226316925621,0.8473525944227618,0.6479546833857934,,,0.33773148148148147,0.28124999999999994,0.4210648148148148,,,1.459,1.215,1.819
330,,606,,0.8884282347279806,,0.3917338011946743,,,0.7139764583468179,0.8471407653047363,0.6476667080149203,,,0.33773148148148147,0.28124999999999994,0.4210648148148148,,,1.459,1.215,1.819
331,,606,,0.888304861638312,,0.39132688787813197,,,0.7137303698504097,0.8469289891417328,0.6473788606311062,,,0.33773148148148147,0.28124999999999994,0.4210648148148148,,,1.459,1.215,1.819
332,,606,,0.8881815056810559,,0.39092039724262106,,,0.7134843661740924,0.8467172659205129,0.6470911411774688,,,0.33773148148148147,0.28124999999999994,0.4210648148148148,,,1.459,1.215,1.819
333,,606,,0.8880581668538337,,0.3905143288490821,,,0.7132384472886308,0.846505595627842,0.646803549597151,,,0.33773148148148147,0.28124999999999994,0.4210648148148148,,,1.459,1.215,1.819
334,,606,,0.8879348451542662,,0.39010868225891115,,,0.7129926131647998,0.8462939782504884,0.6465160858333212,,,0.33773148148148147,0.28124999999999994,0.4210648148148148,,,1.459,1.215,1.819
335,,606,,0.8878115405799751,,0.38970345703396025,,,0.712746863773384,0.8460824137752238,0.646228749829173,,,0.33773148148148147,0.28124999999999994,0.4210648148148148,,,1.459,1.215,1.819
336,,606,,0.8876882531285825,,0.38929865273653647,,,0.7125011990851788,0.8458709021888233,0.6459415415279249,,,0.33773148148148147,0.28124999999999994,0.4210648148148148,,,1.459,1.215,1.819
337,,606,,0.8875649827977101,,0.38889426892940154,,,0.7122556190709892,0.8456594434780653,0.6456544608728213,,,0.33773148148148147,0.28124999999999994,0.4210648148148148,,,1.459,1.215,1.819
338,,606,,0.887441729584981,,0.3884903051757714,,,0.7120101237016303,0.8454480376297315,0.6453675078071313,,,0.33773148148148147,0.28124999999999994,0.4210648148148148,,,1.459,1.215,1.819
339,,606,,0.8873184934880177,,0.3880867610393157,,,0.7117647129479274,0.8452366846306069,0.6450806822741494,,,0.33773148148148147,0.28124999999999994,0.4210648148148148,,,1.459,1.215,1.819
340,,606,,0.8871952745044434,,0.3876836360841571,,,0.7115193867807157,0.8450253844674792,0.6447939842171955,,,0.33773148148148147,0.28124999999999994,0.4210648148148148,,,1.459,1.215,1.819
341,,606,,0.8870720726318816,,0.38728092987487134,,,0.7112741451708403,0.8448141371271404,0.6445074135796142,,,0.33773148148148147,0.28124999999999994,0.4210648148148148,,,1.459,1.215,1.819
342,,606,,0.8869488878679564,,0.38687864197648614,,,0.7110289880891566,0.8446029425963855,0.6442209703047757,,,0.33773148148148147,0.28124999999999994,0.4210648148148148,,,1.459,1.215,1.819
343,,606,,0.8868257202102918,,0.38647677195448155,,,0.7107839155065302,0.8443918008620125,0.6439346543360751,,,0.33773148148148147,0.28124999999999994,0.4210648148148148,,,1.459,1.215,1.819
344,,606,,0.8867025696565123,,0.38607531937478834,,,0.7105389273938366,0.8441807119108227,0.6436484656169328,,,0.33773148148148147,0.28124999999999994,0.4210648148148148,,,1.459,1.215,1.819
345,,606,,0.8865794362042428,,0.3856742838037888,,,0.7102940237219613,0.8439696757296211,0.6433624040907944,,,0.33773148148148147,0.28124999999999994,0.4210648148148148,,,1.459,1.215,1.819
346,,606,,0.8864563198511084,,0.38527366480831504,,,0.7100492044617993,0.8437586923052158,0.6430764697011304,,,0.33773148148148147,0.28124999999999994,0.4210648148148148,,,1.459,1.215,1.819
347,,606,,0.8863332205947347,,0.38487346195564964,,,0.7098044695842569,0.8435477616244179,0.6427906623914368,,,0.33773148148148147,0.28124999999999994,0.4210648148148148,,,1.459,1.215,1.819
348,,606,,0.8862101384327475,,0.38447367481352407,,,0.7095598190602491,0.8433368836740424,0.6425049821052341,,,0.33773148148148147,0.28124999999999994,0.4210648148148148,,,1.459,1.215,1.819
349,,606,,0.8860870733627727,,0.3840743029501197,,,0.709315252860702,0.8431260584409069,0.6422194287860686,,,0.33773148148148147,0.28124999999999994,0.4210648148148148,,,1.459,1.215,1.819
350,,606,,0.8859640253824375,,0.3836753459340659,,,0.7090707709565509,0.8429152859118331,0.6419340023775117,,,0.33773148148148147,0.28124999999999994,0.4210648148148148,,,1.459,1.215,1.819
351,,606,,0.8858409944893679,,0.38327680333443964,,,0.7088263733187412,0.8427045660736453,0.641648702823159,,,0.33773148148148147,0.28124999999999994,0.4210648148148148,,,1.459,1.215,1.819
352,,606,,0.8857179806811912,,0.3828786747207665,,,0.7085820599182289,0.8424938989131712,0.6413635300666322,,,0.33773148148148147,0.28124999999999994,0.4210648148148148,,,1.459,1.215,1.819
353,,606,,0.8855949839555353,,0.3824809596630184,,,0.7083378307259794,0.8422832844172419,0.6410784840515772,,,0.33773148148148147,0.28124999999999994,0.4210648148148148,,,1.459,1.215,1.819
354,,606,,0.8854720043100277,,0.3820836577316145,,,0.7080936857129687,0.8420727225726921,0.6407935647216655,,,0.33773148148148147,0.28124999999999994,0.4210648148148148,,,1.459,1.215,1.819
355,,606,,0.8853490417422967,,0.3816867684974202,,,0.7078496248501824,0.8418622133663594,0.6405087720205935,,,0.33773148148148147,0.28124999999999994,0.4210648148148148,,,1.459,1.215,1.819
356,,606,,0.8852260962499705,,0.38129029153174615,,,0.7076056481086161,0.8416517567850847,0.6402241058920826,,,0.33773148148148147,0.28124999999999994,0.4210648148148148,,,1.459,1.215,1.819
357,,606,,0.8851031678306782,,0.3808942264063488,,,0.7073617554592758,0.8414413528157125,0.6399395662798789,,,0.33773148148148147,0.28124999999999994,0.4210648148148148,,,1.459,1.215,1.819
358,,606,,0.8849802564820488,,0.3804985726934289,,,0.7071179468731765,0.8412310014450904,0.6396551531277541,,,0.33773148148148147,0.28124999999999994,0.4210648148148148,,,1.459,1.215,1.819
359,,606,,0.8848573622017119,,0.38010332996563234,,,0.7068742223213447,0.8410207026600691,0.6393708663795045,,,0.33773148148148147,0.28124999999999994,0.4210648148148148,,,1.459,1.215,1.819
360,,606,,0.8847344849872968,,0.37970849779604826,,,0.7066305817748153,0.8408104564475027,0.6390867059789516,,,0.33773148148148147,0.28124999999999994,0.4210648148148148,,,1.459,1.215,1.819
361,,606,,0.8846116248364341,,0.3793140757582094,,,0.7063870252046343,0.8406002627942488,0.6388026718699414,,,0.33773148148148147,0.28124999999999994,0.4210648148148148,,,1.459,1.215,1.819
362,,606,,0.884488781746754,,0.37892006342609186,,,0.7061435525818573,0.840390121687168,0.6385187639963457,,,0.33773148148148147,0.28124999999999994,0.4210648148148148,,,1.459,1.215,1.819
363,,606,,0.8843659557158874,,0.37852646037411386,,,0.7059001638775498,0.8401800331131247,0.6382349823020603,,,0.33773148148148147,0.28124999999999994,0.4210648148148148,,,1.459,1.215,1.819
364,,606,,0.8842431467414654,,0.37813326617713583,,,0.7056568590627873,0.8399699970589857,0.6379513267310069,,,0.33773148148148147,0.28124999999999994,0.4210648148148148,,,1.459,1.215,1.819
365,,606,,0.8841203548211193,,0.3777404804104597,,,0.7054136381086552,0.8397600135116217,0.6376677972271312,,,0.33773148148148147,0.28124999999999994,0.4210648148148148,,,1.459,1.215,1.819
366,,606,,0.8839975799524808,,0.377348102649829,,,0.7051705009862494,0.8395500824579067,0.6373843937344043,,,0.33773148148148147,0.28124999999999994,0.4210648148148148,,,1.459,1.215,1.819
367,,606,,0.8838748221331822,,0.3769561324714273,,,0.7049274476666751,0.8393402038847179,0.6371011161968221,,,0.33773148148148147,0.28124999999999994,0.4210648148148148,,,1.459,1.215,1.819
368,,606,,0.8837520813608559,,0.3765645694518789,,,0.7046844781210478,0.8391303777789356,0.6368179645584054,,,0.33773148148148147,0.28124999999999994,0.4210648148148148,,,1.459,1.215,1.819
369,,606,,0.8836293576331348,,0.3761734131682479,,,0.7044415923204932,0.8389206041274436,0.6365349387632001,,,0.33773148148148147,0.28124999999999994,0.4210648148148148,,,1.459,1.215,1.819
370,,606,,0.8835066509476515,,0.3757826631980371,,,0.704198790236146,0.8387108829171288,0.6362520387552765,,,0.33773148148148147,0.28124999999999994,0.4210648148148148,,,1.459,1.215,1.819
371,,606,,0.8833839613020396,,0.37539231911918886,,,0.7039560718391517,0.8385012141348813,0.63596926447873,,,0.33773148148148147,0.28124999999999994,0.4210648148148148,,,1.459,1.215,1.819
372,,606,,0.8832612886939329,,0.3750023805100837,,,0.7037134371006656,0.838291597767595,0.6356866158776812,,,0.33773148148148147,0.28124999999999994,0.4210648148148148,,,1.459,1.215,1.819
373,,606,,0.8831386331209654,,0.37461284694954006,,,0.7034708859918527,0.8380820338021666,0.6354040928962746,,,0.33773148148148147,0.28124999999999994,0.4210648148148148,,,1.459,1.215,1.819
374,,606,,0.8830159945807716,,0.37422371801681403,,,0.7032284184838883,0.8378725222254961,0.6351216954786808,,,0.33773148148148147,0.28124999999999994,0.4210648148148148,,,1.459,1.215,1.819
375,,606,,0.8828933730709863,,0.3738349932915984,,,0.7029860345479573,0.837663063024487,0.6348394235690941,,,0.33773148148148147,0.28124999999999994,0.4210648148148148,,,1.459,1.215,1.819
376,,606,,0.8827707685892442,,0.37344667235402307,,,0.7027437341552548,0.837453656186046,0.6345572771117339,,,0.33773148148148147,0.28124999999999994,0.4210648148148148,,,1.459,1.215,1.819
377,,606,,0.8826481811331809,,0.3730587547846536,,,0.7025015172769855,0.8372443016970825,0.6342752560508451,,,0.33773148148148147,0.28124999999999994,0.4210648148148148,,,1.459,1.215,1.819
378,,606,,0.8825256107004321,,0.37267124016449155,,,0.7022593838843643,0.8370349995445104,0.6339933603306963,,,0.33773148148148147,0.28124999999999994,0.4210648148148148,,,1.459,1.215,1.819
379,,606,,0.8824030572886336,,0.3722841280749737,,,0.702017333948616,0.8368257497152458,0.6337115898955817,,,0.33773148148148147,0.28124999999999994,0.4210648148148148,,,1.459,1.215,1.819
380,,606,,0.882280520895422,,0.37189741809797117,,,0.7017753674409752,0.8366165521962083,0.6334299446898196,,,0.33773148148148147,0.28124999999999994,0.4210648148148148,,,1.459,1.215,1.819
381,,606,,0.882158001518434,,0.37151110981579,,,0.7015334843326867,0.836407406974321,0.6331484246577536,,,0.33773148148148147,0.28124999999999994,0.4210648148148148,,,1.459,1.215,1.819
382,,606,,0.8820354991553064,,0.37112520281116995,,,0.7012916845950048,0.8361983140365103,0.6328670297437516,,,0.33773148148148147,0.28124999999999994,0.4210648148148148,,,1.459,1.215,1.819
383,,606,,0.8819130138036769,,0.3707396966672839,,,0.701049968199194,0.8359892733697056,0.6325857598922066,,,0.33773148148148147,0.28124999999999994,0.4210648148148148,,,1.459,1.215,1.819
384,,606,,0.8817905454611829,,0.37035459096773815,,,0.7008083351165284,0.8357802849608398,0.6323046150475361,,,0.33773148148148147,0.28124999999999994,0.4210648148148148,,,1.459,1.215,1.819
385,,606,,0.8816680941254623,,0.36996988529657115,,,0.7005667853182922,0.8355713487968489,0.6320235951541825,,,0.33773148148148147,0.28124999999999994,0.4210648148148148,,,1.459,1.215,1.819
386,,606,,0.8815456597941538,,0.36958557923825375,,,0.7003253187757796,0.8353624648646725,0.6317427001566126,,,0.33773148148148147,0.28124999999999994,0.4210648148148148,,,1.459,1.215,1.819
387,,606,,0.8814232424648956,,0.3692016723776882,,,0.7000839354602947,0.8351536331512527,0.631461929999318,,,0.33773148148148147,0.28124999999999994,0.4210648148148148,,,1.459,1.215,1.819
388,,606,,0.881300842135327,,0.36881816430020786,,,0.6998426353431512,0.8349448536435355,0.6311812846268152,,,0.33773148148148147,0.28124999999999994,0.4210648148148148,,,1.459,1.215,1.819
389,,606,,0.8811784588030872,,0.3684350545915772,,,0.6996014183956728,0.8347361263284706,0.6309007639836449,,,0.33773148148148147,0.28124999999999994,0.4210648148148148,,,1.459,1.215,1.819
390,,606,,0.8810560924658158,,0.3680523428379906,,,0.6993602845891933,0.8345274511930099,0.6306203680143728,,,0.33773148148148147,0.28124999999999994,0.4210648148148148,,,1.459,1.215,1.819
391,,606,,0.8809337431211528,,0.36767002862607256,,,0.6991192338950561,0.8343188282241091,0.6303400966635894,,,0.33773148148148147,0.28124999999999994,0.4210648148148148,,,1.459,1.215,1.819
392,,606,,0.8808114107667387,,0.3672881115428768,,,0.6988782662846149,0.8341102574087271,0.6300599498759091,,,0.33773148148148147,0.28124999999999994,0.4210648148148148,,,1.459,1.215,1.819
393,,606,,0.8806890954002139,,0.3669065911758861,,,0.6986373817292327,0.8339017387338262,0.6297799275959718,,,0.33773148148148147,0.28124999999999994,0.4210648148148148,,,1.459,1.215,1.819
394,,606,,0.8805667970192194,,0.3665254671130114,,,0.6983965802002826,0.8336932721863718,0.6295000297684414,,,0.33773148148148147,0.28124999999999994,0.4210648148148148,,,1.459,1.215,1.819
395,,606,,0.8804445156213961,,0.3661447389425923,,,0.6981558616691478,0.8334848577533325,0.6292202563380067,,,0.33773148148148147,0.28124999999999994,0.4210648148148148,,,1.459,1.215,1.819
396,,606,,0.8803222512043863,,0.3657644062533956,,,0.6979152261072213,0.8332764954216801,0.628940607249381,,,0.33773148148148147,0.28124999999999994,0.4210648148148148,,,1.459,1.215,1.819
397,,606,,0.8802000037658315,,0.3653844686346151,,,0.6976746734859056,0.8330681851783902,0.6286610824473017,,,0.33773148148148147,0.28124999999999994,0.4210648148148148,,,1.459,1.215,1.819
398,,606,,0.8800777733033741,,0.3650049256758717,,,0.6974342037766134,0.8328599270104411,0.6283816818765314,,,0.33773148148148147,0.28124999999999994,0.4210648148148148,,,1.459,1.215,1.819
399,,606,,0.8799555598146568,,0.36462577696721277,,,0.6971938169507672,0.8326517209048144,0.6281024054818574,,,0.33773148148148147,0.28124999999999994,0.4210648148148148,,,1.459,1.215,1.819
400,,606,,0.8798333632973221,,0.3642470220991108,,,0.6969535129797992,0.8324435668484952,0.6278232532080907,,,0.33773148148148147,0.28124999999999994,0.4210648148148148,,,1.459,1.215,1.819
401,,606,,0.8797111837490134,,0.36386866066246426,,,0.6967132918351515,0.8322354648284718,0.6275442250000677,,,0.33773148148148147,0.28124999999999994,0.4210648148148148,,,1.459,1.215,1.819
402,,606,,0.8795890211673745,,0.36349069224859637,,,0.6964731534882762,0.8320274148317356,0.6272653208026486,,,0.33773148148148147,0.28124999999999994,0.4210648148148148,,,1.459,1.215,1.819
403,,606,,0.8794668755500491,,0.3631131164492548,,,0.6962330979106353,0.831819416845281,0.6269865405607187,,,0.33773148148148147,0.28124999999999994,0.4210648148148148,,,1.459,1.215,1.819
404,,606,,0.8793447468946813,,0.36273593285661154,,,0.6959931250737,0.8316114708561066,0.6267078842191873,,,0.33773148148148147,0.28124999999999994,0.4210648148148148,,,1.459,1.215,1.819
405,,606,,0.8792226351989162,,0.362359141063262,,,0.6957532349489522,0.8314035768512134,0.6264293517229886,,,0.33773148148148147,0.28124999999999994,0.4210648148148148,,,1.459,1.215,1.819
406,,606,,0.8791005404603981,,0.3619827406622249,,,0.6955134275078834,0.8311957348176056,0.6261509430170812,,,0.33773148148148147,0.28124999999999994,0.4210648148148148,,,1.459,1.215,1.819
407,,606,,0.8789784626767724,,0.3616067312469415,,,0.6952737027219943,0.8309879447422911,0.6258726580464478,,,0.33773148148148147,0.28124999999999994,0.4210648148148148,,,1.459,1.215,1.819
408,,606,,0.8788564018456847,,0.3612311124112755,,,0.6950340605627959,0.8307802066122811,0.6255944967560957,,,0.33773148148148147,0.28124999999999994,0.4210648148148148,,,1.459,1.215,1.819
409,,606,,0.8787343579647807,,0.3608558837495126,,,0.6947945010018094,0.8305725204145896,0.625316459091057,,,0.33773148148148147,0.28124999999999994,0.4210648148148148,,,1.459,1.215,1.819
410,,606,,0.8786123310317067,,0.3604810448563599,,,0.6945550240105651,0.8303648861362342,0.625038544996388,,,0.33773148148148147,0.28124999999999994,0.4210648148148148,,,1.459,1.215,1.819
411,,606,,0.8784903210441092,,0.3601065953269452,,,0.6943156295606036,0.8301573037642354,0.6247607544171693,,,0.33773148148148147,0.28124999999999994,0.4210648148148148,,,1.459,1.215,1.819
412,,606,,0.8783683279996349,,0.3597325347568174,,,0.694076317623475,0.8299497732856174,0.6244830872985059,,,0.33773148148148147,0.28124999999999994,0.4210648148148148,,,1.459,1.215,1.819
413,,606,,0.8782463518959311,,0.35935886274194473,,,0.6938370881707393,0.8297422946874072,0.6242055435855273,,,0.33773148148148147,0.28124999999999994,0.4210648148148148,,,1.459,1.215,1.819
414,,606,,0.8781243927306455,,0.35898557887871607,,,0.6935979411739664,0.8295348679566356,0.6239281232233875,,,0.33773148148148147,0.28124999999999994,0.4210648148148148,,,1.459,1.215,1.819
415,,606,,0.8780024505014256,,0.3586126827639388,,,0.6933588766047363,0.8293274930803359,0.6236508261572647,,,0.33773148148148147,0.28124999999999994,0.4210648148148148,,,1.459,1.215,1.819
416,,606,,0.8778805252059194,,0.3582401739948395,,,0.6931198944346381,0.8291201700455452,0.6233736523323616,,,0.33773148148148147,0.28124999999999994,0.4210648148148148,,,1.459,1.215,1.819
417,,606,,0.8777586168417759,,0.35786805216906287,,,0.6928809946352709,0.8289128988393035,0.6230966016939052,,,0.33773148148148147,0.28124999999999994,0.4210648148148148,,,1.459,1.215,1.819
418,,606,,0.8776367254066434,,0.3574963168846719,,,0.6926421771782438,0.8287056794486546,0.6228196741871468,,,0.33773148148148147,0.28124999999999994,0.4210648148148148,,,1.459,1.215,1.819
419,,606,,0.8775148508981714,,0.3571249677401467,,,0.6924034420351759,0.8284985118606448,0.6225428697573617,,,0.33773148148148147,0.28124999999999994,0.4210648148148148,,,1.459,1.215,1.819
420,,606,,0.8773929933140091,,0.35675400433438476,,,0.6921647891776954,0.8282913960623243,0.6222661883498504,,,0.33773148148148147,0.28124999999999994,0.4210648148148148,,,1.459,1.215,1.819
421,,606,,0.8772711526518061,,0.35638342626670005,,,0.691926218577441,0.8280843320407458,0.6219896299099369,,,0.33773148148148147,0.28124999999999994,0.4210648148148148,,,1.459,1.215,1.819
422,,606,,0.8771493289092132,,0.356013233136823,,,0.6916877302060607,0.8278773197829661,0.62171319438297,,,0.33773148148148147,0.28124999999999994,0.4210648148148148,,,1.459,1.215,1.819
423,,606,,0.8770275220838801,,0.35564342454489933,,,0.6914493240352123,0.8276703592760446,0.6214368817143222,,,0.33773148148148147,0.28124999999999994,0.4210648148148148,,,1.459,1.215,1.819
424,,606,,0.8769057321734579,,0.35527400009149074,,,0.6912110000365638,0.8274634505070443,0.621160691849391,,,0.33773148148148147,0.28124999999999994,0.4210648148148148,,,1.459,1.215,1.819
425,,606,,0.8767839591755977,,0.3549049593775731,,,0.6909727581817923,0.827256593463031,0.6208846247335976,,,0.33773148148148147,0.28124999999999994,0.4210648148148148,,,1.459,1.215,1.819
426,,606,,0.8766622030879508,,0.35453630200453745,,,0.6907345984425851,0.8270497881310742,0.6206086803123878,,,0.33773148148148147,0.28124999999999994,0.4210648148148148,,,1.459,1.215,1.819
427,,606,,0.8765404639081689,,0.3541680275741886,,,0.6904965207906394,0.8268430344982463,0.6203328585312315,,,0.33773148148148147,0.28124999999999994,0.4210648148148148,,,1.459,1.215,1.819
428,,606,,0.8764187416339043,,0.353800135688745,,,0.6902585251976616,0.8266363325516233,0.6200571593356229,,,0.33773148148148147,0.28124999999999994,0.4210648148148148,,,1.459,1.215,1.819
429,,606,,0.8762970362628092,,0.35343262595083835,,,0.6900206116353684,0.826429682278284,0.6197815826710805,,,0.33773148148148147,0.28124999999999994,0.4210648148148148,,,1.459,1.215,1.819
430,,606,,0.8761753477925363,,0.3530654979635129,,,0.689782780075486,0.8262230836653107,0.6195061284831466,,,0.33773148148148147,0.28124999999999994,0.4210648148148148,,,1.459,1.215,1.819
431,,606,,0.8760536762207386,,0.3526987513302256,,,0.6895450304897504,0.8260165366997888,0.6192307967173883,,,0.33773148148148147,0.28124999999999994,0.4210648148148148,,,1.459,1.215,1.819
432,,606,,0.8759320215450697,,0.35233238565484504,,,0.6893073628499071,0.8258100413688072,0.6189555873193964,,,0.33773148148148147,0.28124999999999994,0.4210648148148148,,,1.459,1.215,1.819
433,,606,,0.8758103837631829,,0.3519664005416513,,,0.6890697771277119,0.8256035976594576,0.6186805002347862,,,0.33773148148148147,0.28124999999999994,0.4210648148148148,,,1.459,1.215,1.819
434,,606,,0.8756887628727326,,0.35160079559533536,,,0.6888322732949296,0.8253972055588349,0.6184055354091968,,,0.33773148148148147,0.28124999999999994,0.4210648148148148,,,1.459,1.215,1.819
435,,606,,0.8755671588713728,,0.35123557042099934,,,0.6885948513233354,0.8251908650540379,0.6181306927882919,,,0.33773148148148147,0.28124999999999994,0.4210648148148148,,,1.459,1.215,1.819
436,,606,,0.8754455717567586,,0.35087072462415514,,,0.6883575111847138,0.8249845761321681,0.617855972317759,,,0.33773148148148147,0.28124999999999994,0.4210648148148148,,,1.459,1.215,1.819
437,,606,,0.8753240015265447,,0.35050625781072453,,,0.6881202528508593,0.8247783387803304,0.6175813739433099,,,0.33773148148148147,0.28124999999999994,0.4210648148148148,,,1.459,1.215,1.819
438,,606,,0.8752024481783862,,0.3501421695870389,,,0.687883076293576,0.8245721529856326,0.6173068976106808,,,0.33773148148148147,0.28124999999999994,0.4210648148148148,,,1.459,1.215,1.819
439,,606,,0.8750809117099392,,0.34977845955983794,,,0.6876459814846776,0.8243660187351859,0.6170325432656315,,,0.33773148148148147,0.28124999999999994,0.4210648148148148,,,1.459,1.215,1.819
